vehicle_name,stock_number,status,location,fuel_type,sleeps,length,sales_price (USD),horse_power
2008 TRAVEL SUPREME TRAVEL SUPREME 42DL14,2113711,Used,"Sherman, TX",,4,42 ft 6 in,91499,N/A
2000 NATIONAL RV TRADEWINDS 7370 (300HP),2014925A,Used,"Camping World of Reno - Reno, NV",,4,33 ft 0 in,29399,N/A
2009 COACH HOUSE PLATINUM II 241XL,2182626P,Used,"Garner, NC",,3,25 ft 7 in,49999,N/A
2006 DAMON ASTORIA 3679,2179155,Used,"Nashville, TN",,7,38 ft 0 in,49999,N/A
2005 WINNEBAGO JOURNEY 34H,2081356,Used,"Katy, TX",,-,35 ft 0 in,52499,N/A
2009 ITASCA NAVION 24DL,2178973,Used,"Center Conway, NH",,2,25 ft 0 in,60499,N/A
2005 FOREST RIVER CHARLESTON 400QS,2208508,Used,"Oakwood, GA",,4,0 ft 0 in,60999,N/A
2010 ITASCA REYO 25R,2193644,Used,"Newport News, VA",,5,29 ft 10 in,64999,N/A
2008 WINNEBAGO VIEW 24J,2204010,Used,"Lubbock, TX",,4,25 ft 0 in,65999,N/A
2011 WINNEBAGO VIA 25R,2161800,Used,"Biloxi, MS",,6,25 ft 5 in,66999,N/A
2016 THOR GEMINI 23TR,2203479P,Used,"Hamburg, NY",,3,24 ft 0 in,69999,N/A
2011 WINNEBAGO VIEW 24K,2198706,Used,"Tulsa, OK",,4,24 ft 6 in,69999,N/A
2011 FOUR WINDS SERRANO 31V,2161364P,Used,"Wood Village, OR",,-,33 ft 0 in,71299,N/A
2017 THOR GEMINI 23TB,2151804,Used,"Dothan, AL",,4,23 ft 6 in,71999,N/A
2016 THOR COMPASS 23TR,2192578,Used,"Kingston, NY",,4,24 ft 0 in,72499,N/A
2014 FOREST RIVER SOLERA 24R,2160891,Used,"Dover, FL",,5,24 ft 10 in,73399,N/A
2011 WINNEBAGO VIA 25T,2183054,Used,"Louisville, TN",,6,25 ft 5 in,73099,N/A
2007 WINNEBAGO JOURNEY 34H,2180282P,Used,"Wauconda, IL",,5,35 ft 0 in,74999,N/A
2016 THOR GEMINI 23TR,2190794,Used,"Swedesboro, NJ",,3,24 ft 0 in,74999,N/A
2016 THOR CHATEAU CITATION 24SR,2205556,Used,"Lowell, AR",,5,25 ft 0 in,74985,N/A
2009 GULF STREAM CONQUEST B-TOURNG CRUISER 5232,2129754,Used,"Strafford, MO",,3,24 ft 9 in,74999,N/A
2017 THOR GEMINI 23TR,2184183P,Used,"Tyler, TX",,4,23 ft 6 in,75999,N/A
2006 FLEETWOOD REVOLUTION LE 40L,2195468,Used,"Jackson, TN",,6,40 ft 0 in,77099,N/A
2017 WINNEBAGO FUSE 23T,2170656,Used,"Apollo, PA",,4,24 ft 0 in,77499,N/A
2017 THOR COMPASS 23TB,2183267P,Used,"Camping World of Reno - Reno, NV",,4,23 ft 6 in,77499,N/A
2017 THOR GEMINI 23TB,3000176P,Used,"Georgetown, KY",,4,23 ft 6 in,77499,N/A
2017 THOR GEMINI 23TR,2151083,Used,"Cicero, NY",,2,23 ft 6 in,77499,N/A
2016 RENEGADE VIENNA 25VMBS,2066506,Used,"Ridgeland, SC",,2,24 ft 11 in,77499,N/A
2017 THOR COMPASS 23TR,2169673P,Used,"Greenwood, IN",,4,23 ft 6 in,78499,N/A
2006 TIFFIN ALLEGRO BUS 40QSP,2198688,Used,"Golden, CO",,-,0 ft 0 in,78498,N/A
2016 THOR COMPASS 23TR,2191745,Used,"Ridgeland, SC",,4,24 ft 0 in,77899,N/A
2016 FOREST RIVER SUNSEEKER MBS 2400R,2201436,Used,"Hope Mills, NC",,5,24 ft 11 in,78799,N/A
2013 ITASCA NAVION 24G,2205018,Used,"Summerfield, FL",,2,25 ft 5 in,79199,N/A
2017 THOR CHATEAU 24HL,2182062,Used,"Bartow, FL",,5,24 ft 11 in,79499,N/A
2017 THOR COMPASS 23TR,2169778,Used,"Columbia, SC",,4,23 ft 6 in,79999,N/A
2017 THOR CHATEAU 24HL,2183465,Used,"Chattanooga, TN",,5,24 ft 11 in,79999,N/A
2016 FOREST RIVER FORESTER MBS 2401W,2191816,Used,"Camping World of Marion - Marion, NC",,5,24 ft 11 in,79999,N/A
2018 FOREST RIVER SUNSEEKER MBS 2400R,2087056P,Used,"Saukville, WI",,5,24 ft 11 in,79499,N/A
2017 THOR GEMINI 23TB,2208241P,Used,"Myrtle Beach, SC",,4,23 ft 6 in,80699,N/A
2008 GULF STREAM CRESCENDO 40K,2191934,Used,"Tulsa, OK",,7,41 ft 11 in,79999,N/A
2016 THOR CHATEAU CITATION 24SR,2167886P,Used,"Camping World of Reno - Reno, NV",,5,25 ft 0 in,81499,N/A
2017 WINNEBAGO FUSE 23A,2182896,Used,"Greenville, NC",,5,24 ft 0 in,81699,N/A
2017 THOR COMPASS 23TB,2177283,Used,"Concord, NC",,4,23 ft 6 in,82499,N/A
2015 FOREST RIVER SOLERA 24S,2138661P,Used,"Uxbridge, MA",,6,24 ft 8 in,81999,N/A
2017 THOR COMPASS 23TK,2193503,Used,"Owatonna, MN",,3,23 ft 6 in,82999,N/A
2014 ITASCA NAVION 24V,2184926,Used,"Bartow, FL",,4,25 ft 5 in,82599,N/A
2019 THOR COMPASS 24TF,2145736,Used,"Akron, OH",,4,25 ft 0 in,82499,N/A
2018 THOR FREEDOM ELITE 24FE,2177472,Used,"Tulsa, OK",,5,24 ft 8 in,82499,N/A
2018 THOR COMPASS 23TK,2177027P,Used,"Burlington, WA",,4,23 ft 6 in,83999,N/A
2014 WINNEBAGO VIEW 24V,2194707P,Used,"Sioux Falls, SD",,4,25 ft 5 in,83999,N/A
2018 THOR CHATEAU CITATION 24SS,2086287,Used,"Mesa, AZ",,5,24 ft 10 in,83499,N/A
2019 THOR FREEDOM ELITE 24FE,2013CONS,Used,"Longmont, CO",,5,24 ft 8 in,84494,N/A
2018 THOR QUANTUM KM24,2170460,Used,"Rossford, OH",,6,24 ft 8 in,84499,N/A
2018 THOR FREEDOM ELITE 24FE,2177326,Used,"Gulf Breeze, FL",,5,24 ft 8 in,84499,N/A
2013 ITASCA NAVION 24G,1158CWY,Used,"Cheyenne, WY",,4,25 ft 5 in,84999,N/A
2016 THOR CHATEAU CITATION 24SA,2141388A,Used,"Katy, TX",,5,25 ft 8 in,84499,N/A
2016 THOR CHATEAU CITATION 24SR,2192779,Used,"Oklahoma City, OK",,6,25 ft 0 in,84999,N/A
2017 THOR GEMINI 23TR,2189847,Used,"Colfax, NC",,4,23 ft 6 in,85499,N/A
2016 THOR FOUR WINDS SIESTA 24SR,2155789,Used,"Syracuse, NY",,5,25 ft 0 in,86999,N/A
2017 WINNEBAGO FUSE 23T,2197269P,Used,"Avondale, AZ",,4,24 ft 0 in,86495,N/A
2018 COACHMEN PRISM 2150CB,2192639,Used,"Cocoa, FL",,6,25 ft 0 in,87099,N/A
2007 ITASCA MERIDIAN 36G,2160208,Used,"Columbia, MO",,5,36 ft 5 in,87999,N/A
2018 THOR FOUR WINDS SIESTA 24SJ,2171054,Used,"Fort Pierce, FL",,5,26 ft 0 in,87999,N/A
2007 COACHMEN SPORTCOACH ELITE 40QS,2142365,Used,"Anniston, AL",,6,40 ft 0 in,87499,N/A
2016 WINNEBAGO VIEW 24G,2182608,Used,"St. George, UT",,4,26 ft 0 in,87499,N/A
2018 THOR GEMINI 24TF,2160881,Used,"Churchville, NY",,3,24 ft 11 in,88499,N/A
2018 THOR CHATEAU 24FS,2149047,Used,"Oklahoma City, OK",,5,24 ft 8 in,87799,N/A
2018 THOR COMPASS 23TR,2168590,Used,"Dothan, AL",,3,23 ft 6 in,87995,N/A
2018 THOR COMPASS 23TB,2153982P,Used,"Coldwater, MI",,3,23 ft 6 in,88999,N/A
2019 THOR QUANTUM KM24,3000183P,Used,"Georgetown, KY",,6,24 ft 8 in,88999,N/A
2018 COACHMEN PRISM 2200LE,2177567P,Used,"Anderson, CA",,4,25 ft 0 in,88299,N/A
2016 THOR FOUR WINDS SIESTA 24SL,2183262,Used,"Fort Worth, TX",,4,24 ft 10 in,88499,N/A
2018 THOR GEMINI 23TB,2185088,Used,"Gulf Breeze, FL",,4,23 ft 6 in,89499,N/A
2014 FOREST RIVER SOLERA 24R,2183754P,Used,"Garner, NC",,5,24 ft 10 in,89599,N/A
2018 THOR CHATEAU 24HL,2182276P,Used,"Hamburg, NY",,5,24 ft 11 in,89999,N/A
2017 FOREST RIVER FORESTER MBS 2401S,2195548,Used,"Thornburg, VA",,5,24 ft 8 in,89999,N/A
2017 FOREST RIVER FORESTER MBS 2401S,2198178,Used,"Thornburg, VA",,5,24 ft 8 in,89999,N/A
2015 RENEGADE VILLAGIO 25QRS,2129704,Used,"Spring, TX",,4,2 ft 1 in,89499,N/A
2016 WINNEBAGO FUSE 23T,2203336,Used,"Denton, TX",,4,24 ft 0 in,89499,N/A
2019 THOR CHATEAU CITATION 24SK,2153560,Used,"Spring, TX",,4,25 ft 10 in,89999,N/A
2020 COACHMEN PRISM 2150CB,2160573P,Used,"Wauconda, IL",,5,25 ft 1 in,89999,N/A
2017 THOR FOUR WINDS 24FS,2191889,Used,"Woodstock, GA",,5,24 ft 9 in,89999,N/A
2016 FOREST RIVER SUNSEEKER MBS 2400R,2198500P,Used,"Pasco, WA",,5,24 ft 11 in,90999,N/A
2017 THOR CHATEAU CITATION 24SS,1000616P,Used,"New Braunfels, TX",,5,24 ft 10 in,90999,N/A
2018 FOREST RIVER SUNSEEKER MBS 2400W,2169298,Used,"Camping World of Oklahoma City East - Oklahoma City, OK",,6,24 ft 11 in,91499,N/A
2017 WINNEBAGO FUSE 23T,2206070P,Used,"Coburg, OR",,4,24 ft 0 in,91499,N/A
2018 COACHMEN PRISM 2200LE,2165843,Used,"Davenport, IA",,5,25 ft 0 in,91999,N/A
2019 THOR FOUR WINDS 24WS,2194056P,Used,"Uxbridge, MA",,5,25 ft 7 in,92999,N/A
2018 THOR FOUR WINDS 24WS,2194287,Used,"Camping World of DeKalb - Cortland, IL",,5,25 ft 7 in,92999,N/A
2017 WINNEBAGO FUSE 23A,2208030P,Used,"Grand Rapids, MI",,5,24 ft 0 in,92999,N/A
2017 WINNEBAGO FUSE 23A,2156556Z,Used,"Hendersonville, NC",,5,24 ft 0 in,92995,N/A
2015 FOREST RIVER SOLERA 24S,2207921,Used,"Jacksonville, FL",,7,24 ft 8 in,93699,N/A
2016 THOR SYNERGY SP24,2152370,Used,"Deforest, WI",,5,24 ft 10 in,92999,N/A
2013 TIFFIN ALEGRO BREEZE 28BR,2191440,Used,"Roscoe, IL",,3,29 ft 7 in,93999,N/A
2015 MIDWEST AUTOMOTIVE DESIGN WEEKENDER WEEKENDER 3500 SPRINTER,2193326P,Used,"Syracuse, NY",,3,24 ft 0 in,93999,N/A
2016 THOR CHATEAU CITATION 24SA,2198429P,Used,"Vacaville, CA",,5,25 ft 8 in,93199,N/A
2017 COACHMEN PRISM 2150LE,2205208,Used,"Cedar Falls, IA",,5,25 ft 0 in,93599,N/A
2016 THOR CHATEAU CITATION 24SR,2191795,Used,"Woodstock, GA",,5,25 ft 0 in,93999,N/A
2020 WINNEBAGO VITA 24F,2159376,Used,"Myrtle Beach, SC",,5,24 ft 7 in,94999,N/A
2016 THOR FOUR WINDS SIESTA 24SR,2198367,Used,"Chattanooga, TN",,5,25 ft 0 in,94999,N/A
2018 THOR CHATEAU CITATION 24SR,2160472,Used,"New River, AZ",,5,24 ft 10 in,95099,N/A
2008 ITASCA ELLIPSE 40TD,2130428,Used,"Springfield, IL",,4,40 ft 0 in,94499,N/A
2020 THOR QUANTUM KM24,2117123,Used,"Fort Pierce, FL",,5,24 ft 8 in,94999,N/A
2014 TIFFIN ALLEGRO BREEZE 32BR,2147235,Used,"Tyler, TX",,-,0 ft 0 in,94999,N/A
2018 FOREST RIVER SUNSEEKER MBS 2400W,2208388,Used,"Mesa, AZ",,6,24 ft 11 in,96099,N/A
2018 THOR CHATEAU 24WS,P112023,Used,"Longmont, CO",,6,25 ft 7 in,96998,N/A
2018 THOR QUANTUM KM24,2191894,Used,"Draper, UT",,6,24 ft 8 in,95999,N/A
2017 DYNAMAX ISATA 3 24FW,2196124P,Used,"Vacaville, CA",,3,24 ft 7 in,95999,N/A
2015 ROADTREK ROADTREK RS E-TREK,50001P,Used,"Kaysville, UT",,2,22 ft 9 in,95999,N/A
2019 COACHMEN PRISM 2300DS,2097607A,Used,"Katy, TX",,3,25 ft 1 in,96999,N/A
2017 COACHMEN PRISM 2150LE,2145144,Used,"Tulsa, OK",,5,25 ft 0 in,96999,N/A
2017 THOR FOUR WINDS SIESTA 24SS,2193936,Used,"Pocatello, ID",,5,25 ft 7 in,96999,N/A
2018 THOR FOUR WINDS 24HL,2193255,Used,"Fort Pierce, FL",,5,24 ft 8 in,97999,N/A
2018 THOR CHATEAU CITATION 24SR,2193275,Used,"Fort Pierce, FL",,5,24 ft 10 in,97999,N/A
2017 THOR COMPASS 23TB,2197237P,Used,"Uxbridge, MA",,3,23 ft 6 in,97999,N/A
2018 THOR GEMINI 23TR,2196118,Used,"Camping World of Oklahoma City East - Oklahoma City, OK",,4,23 ft 6 in,97499,N/A
2019 THOR FREEDOM ELITE 24FE,2204352Z,Used,"Idaho Falls, ID",,5,24 ft 8 in,97999,N/A
2017 FOREST RIVER FORESTER MBS 2401W,2206871P,Used,"Albuquerque, NM",,5,24 ft 11 in,98699,N/A
2019 JAYCO MELBOURNE 24K,2191105,Used,"Roanoke, VA",,5,25 ft 2 in,98799,N/A
2018 THOR CHATEAU 24FS,2193980,Used,"Dothan, AL",,5,24 ft 8 in,98799,N/A
2017 THOR GEMINI 23TR,2199159P,Used,"Camping World of Reno - Reno, NV",,4,23 ft 6 in,98899,N/A
2018 THOR GEMINI 23TB,3000188P,Used,"Georgetown, KY",,4,23 ft 6 in,98899,N/A
2019 FLEETWOOD PULSE 24B,2119667P,Used,"Escanaba, MI",,5,25 ft 2 in,98999,N/A
2021 THOR COLEMAN 24EQ,2160200,Used,"Nashville, TN",,5,24 ft 8 in,98999,N/A
2020 WINNEBAGO VITA 24P,2205641,Used,"Huber Heights, OH",,5,24 ft 7 in,98999,N/A
2014 RENEGADE VILLAGIO 25TBS,2203917,Used,"Alvarado, TX",,3,7 ft 9 in,98399,N/A
2018 THOR COMPASS 24TX,2207307,Used,"Statesville, NC",,3,24 ft 11 in,98995,N/A
2014 WINNEBAGO VIEW 24G,2207023,Used,"Spring, TX",,6,25 ft 5 in,98999,N/A
2016 WINNEBAGO NAVION 24J,1140CWY,Used,"Cheyenne, WY",,3,26 ft 0 in,99999,N/A
2018 THOR SYNERGY SD24,2152262,Used,"Strafford, MO",,5,25 ft 1 in,99999,N/A
2016 WINNEBAGO NAVION 24G,2167507P,Used,"Pasco, WA",,4,25 ft 8 in,99999,N/A
2008 FOUR WINDS MANDALAY 40H,2190439,Used,"Puyallup, WA",,3,41 ft 6 in,99999,N/A
2016 THOR FOUR WINDS SIESTA 24SR,2204007,Used,"Draper, UT",,5,25 ft 0 in,99099,N/A
2017 THOR FOUR WINDS SIESTA 24SS,2207035,Used,"Nashville, TN",,5,25 ft 7 in,99999,N/A
2013 FLEETWOOD EXCURSION 35B,2136386,Used,"Nashville, TN",,2,38 ft 0 in,99995,N/A
2014 AIRSTREAM INTERSTATE 3500 LOUNGE,2142894P,Used,"Fresno, CA",,2,24 ft 5 in,99999,N/A
2015 TIFFIN ALLEGRO BREEZE 32BR,2153711,Used,"Midway, FL",,5,33 ft 2 in,99999,N/A
2021 THOR FREEDOM ELITE 24FE,2154278,Used,"Woodstock, GA",,6,24 ft 8 in,99999,N/A
2021 JAYCO MELBOURNE 24T,2160203P,Used,"Grand Rapids, MI",,3,25 ft 2 in,100999,N/A
2017 FOREST RIVER FORESTER MBS 2401R,2206925P,Used,"Albuquerque, NM",,5,24 ft 8 in,100999,N/A
2020 WINNEBAGO VITA 24P,2150644,Used,"Draper, UT",,5,24 ft 7 in,100299,N/A
2017 JAYCO MELBOURNE 24K,2202953,Used,"Las Vegas, NV",,5,24 ft 10 in,101499,N/A
2018 THOR FREEDOM ELITE 24FE,2204155,Used,"McGeorge RV - A Camping World Company - Ashland, VA",,5,24 ft 8 in,101499,N/A
2018 WINNEBAGO FUSE 23T,2191960P,Used,"Rossford, OH",,4,24 ft 0 in,101799,N/A
2018 THOR CHATEAU 24WS,1000710P,Used,"New Braunfels, TX",,6,25 ft 7 in,100999,N/A
2020 THOR COMPASS 23TW,2177702P,Used,"Piqua, OH",,3,23 ft 6 in,101999,N/A
2018 FOREST RIVER SUNSEEKER TS 2370D,2207626,Used,"West Boylston, MA",,2,26 ft 1 in,101999,N/A
2018 THOR COMPASS 24TF,2158095P,Used,"Escanaba, MI",,4,24 ft 11 in,103399,N/A
2021 THOR FREEDOM ELITE 24FE,2195518,Used,"Draper, UT",,6,24 ft 8 in,102599,N/A
2019 JAYCO MELBOURNE 24L,2177053,Used,"Camping World of Oklahoma City East - Oklahoma City, OK",,5,25 ft 2 in,102999,N/A
2020 THOR QUANTUM CR24,2166354P,Used,"Kansas City, KS",,4,25 ft 8 in,103999,N/A
2018 THOR CHATEAU 24HL,2167787,Used,"Kingston, NY",,5,24 ft 11 in,103999,N/A
2017 FOREST RIVER FORESTER MBS 2401R,2196026,Used,"Burlington, WA",,5,24 ft 8 in,103999,N/A
2018 THOR CHATEAU 24HL,2207424,Used,"Strafford, MO",,5,24 ft 11 in,104899,N/A
2019 THOR GEMINI 24SX,2192654P,Used,"Albuquerque, NM",,3,26 ft 0 in,104999,N/A
2020 THOR CHATEAU 24DS,2208211P,Used,"Coldwater, MI",,5,25 ft 8 in,104999,N/A
2020 FOREST RIVER FORESTER MBS 2401S,2159413,Used,"Byron, GA",,5,24 ft 8 in,104899,N/A
2020 WINNEBAGO PORTO 24F,2167386,Used,"Woodstock, GA",,6,24 ft 5 in,104999,N/A
2019 WINNEBAGO ERA 170B,2204345,Used,"Lubbock, TX",,2,24 ft 3 in,104999,N/A
2017 WINNEBAGO VIEW 24V,2206505,Used,"Denton, TX",,4,25 ft 5 in,104999,N/A
2012 COACHMEN PATHFINDER 405FK,2206893,Used,"Council Bluffs, IA",,6,41 ft 9 in,104999,N/A
2016 LEISURE TRAVEL UNITY U24CB,2156080,Used,"Camping World of Reno - Reno, NV",,4,25 ft 1 in,105999,N/A
2019 THOR CHATEAU CITATION 24ST,2183085P,Used,"Greenwood, IN",,4,25 ft 10 in,105999,N/A
2019 JAYCO MELBOURNE 24K,2190774P,Used,"West Coxsackie, NY",,5,25 ft 2 in,105999,N/A
2019 WINNEBAGO NAVION 24G,2197149,Used,"Tucson, AZ",,6,25 ft 8 in,105999,N/A
2014 LEISURE TRAVEL FREE SPIRIT 22SS,2165377Z,Used,"Wauconda, IL",,3,23 ft 4 in,105999,N/A
2018 THOR SYNERGY SD24,2182014P,Used,"Akron, OH",,5,25 ft 1 in,105999,N/A
2008 ITASCA HORIZON 40FD,2157811Z,Used,"Meridian, ID",,4,39 ft 10 in,105995,N/A
2018 WINNEBAGO VIEW 24D,2169602,Used,"Cocoa, FL",,4,25 ft 7 in,106999,N/A
2017 THOR FOUR WINDS SIESTA 24SS,2206663T,Used,"Birch Run, MI",,5,25 ft 7 in,106999,N/A
2019 ENTEGRA COACH QWEST 24L,2208192,Used,"Tucson, AZ",,5,25 ft 2 in,106999,N/A
2016 WINNEBAGO NAVION 24G,200031P,Used,"Lincoln, NE",,4,25 ft 8 in,107199,N/A
2018 TIFFIN WAYFARER 24FW,2149861,Used,"Katy, TX",,4,0 ft 0 in,106999,N/A
2020 WINNEBAGO VITA 24P,2194946P,Used,"Vacaville, CA",,5,24 ft 7 in,106999,N/A
2015 RENEGADE VILLAGIO 25HAB,2166570,Used,"Cocoa, FL",,1,22 ft 5 in,107999,N/A
2018 FOREST RIVER FORESTER MBS 2401R,2206653,Used,"Sherman, TX",,5,24 ft 11 in,107299,N/A
2017 FOREST RIVER FORESTER MBS 2401S,2181256A,Used,"Roseville, CA",,5,24 ft 8 in,107499,N/A
2017 WINNEBAGO NAVION 24J,2193292,Used,"Fort Pierce, FL",,4,25 ft 5 in,107999,N/A
2017 DYNAMAX ISATA 3 24RW,2205882,Used,"Woodstock, GA",,3,24 ft 7 in,107999,N/A
2020 THOR COMPASS 23TW,2168814,Used,"Windham, ME",,3,23 ft 6 in,108999,N/A
2020 JAYCO MELBOURNE 24L,2190613P,Used,"Roseville, CA",,5,25 ft 2 in,108999,N/A
2018 RENEGADE VILLAGIO 25QRS,2156767,Used,"Summerfield, FL",,3,24 ft 0 in,109999,N/A
2020 THOR GEMINI 24TF,2190164,Used,"Akron, OH",,4,26 ft 0 in,109999,N/A
2017 JAYCO MELBOURNE 24M,2203674P,Used,"Fresno, CA",,4,24 ft 10 in,109899,N/A
2019 THOR GEMINI 24SX,2191020,Used,"Tyler, TX",,3,26 ft 0 in,109999,N/A
2020 WINNEBAGO VITA 24P,2207256P,Used,"Fresno, CA",,5,24 ft 7 in,109999,N/A
2016 THOR SYNERGY CB24,2207430,Used,"Fort Worth, TX",,6,24 ft 6 in,109999,N/A
2020 WINNEBAGO VITA 24P,2168934P,Used,"Camping World of Reno - Reno, NV",,5,24 ft 7 in,110999,N/A
2019 WINNEBAGO FUSE 23A,2184307P,Used,"Rossford, OH",,4,24 ft 0 in,110999,N/A
2017 WINNEBAGO NAVION 24J,2208206,Used,"Hendersonville, NC",,4,25 ft 5 in,110999,N/A
2017 THOR CHATEAU CITATION 24SR,2193434,Used,"Camping World of Buford - Buford, GA",,5,24 ft 10 in,110099,N/A
2016 AIRSTREAM INTERSTATE GRAND TOUR EXT,2177631,Used,"Nashville, TN",,2,24 ft 4 in,110995,N/A
2018 THOR CHATEAU CITATION 24ST,2206490,Used,"New River, AZ",,4,26 ft 0 in,111499,N/A
2019 THOR SYNERGY 24ST,2193695,Used,"Syracuse, NY",,4,25 ft 10 in,111999,N/A
2018 WINNEBAGO NAVION 24D,2206095P,Used,"Rossford, OH",,5,25 ft 7 in,111999,N/A
2020 JAYCO MELBOURNE 24L,2191403P,Used,"Vacaville, CA",,5,25 ft 2 in,111199,N/A
2012 MONACO VESTA 35PBD,2159839,Used,"Anniston, AL",,4,36 ft 8 in,112999,N/A
2019 THOR SYNERGY 24SK,2166660,Used,"Fort Myers, FL",,5,25 ft 10 in,112999,N/A
2018 WINNEBAGO VIEW 24J,2171090P,Used,"Birch Run, MI",,4,25 ft 8 in,112999,N/A
2020 COACHMEN PRISM 2200FS,2177823,Used,"Fort Pierce, FL",,5,25 ft 1 in,112999,N/A
2020 FOREST RIVER FORESTER MBS 2401Q,2198144,Used,"Wichita, KS",,5,27 ft 0 in,112999,N/A
2017 WINNEBAGO NAVION 24J,2198743P,Used,"Berkley, MA",,4,25 ft 5 in,112999,N/A
2018 MIDWEST AUTOMOTIVE DESIGN PASSAGE 170 EXT 3500,2203472,Used,"Hendersonville, NC",,2,24 ft 0 in,112999,N/A
2020 JAYCO MELBOURNE 24L,2207759,Used,"Grain Valley, MO",,5,25 ft 2 in,112999,N/A
2020 COACHMEN PRISM 2300DS,2177244,Used,"Jackson, TN",,5,25 ft 1 in,113999,N/A
2017 ROADTREK ROADTREK CS ADVENTUROUS,2177833,Used,"Windham, ME",,4,22 ft 9 in,113999,N/A
2020 WINNEBAGO VITA 24P,2197211,Used,"Thornburg, VA",,5,24 ft 7 in,113999,N/A
2019 THOR GEMINI 24TF,2203935,Used,"Colton, CA",,4,25 ft 0 in,112999,N/A
2021 FOREST RIVER FORESTER MBS 2401B,2206224,Used,"Camping World of Buford - Buford, GA",,6,25 ft 5 in,112999,N/A
2016 FOREST RIVER FORESTER MBS 2401W,2190751,Used,"Las Vegas, NV",,5,24 ft 11 in,114999,N/A
2017 AIRSTREAM INTERSTATE EXT GRAND TOUR,2202933,Used,"Anniston, AL",,1,24 ft 5 in,114999,N/A
2017 WINNEBAGO NAVION 24G,2206311,Used,"Colfax, NC",,4,25 ft 5 in,114999,N/A
2019 THOR SYNERGY 24MB,2206828P,Used,"Churchville, NY",,5,25 ft 10 in,114999,N/A
2019 ENTEGRA COACH QWEST 24L,1000632P,Used,"New Braunfels, TX",,5,25 ft 2 in,113999,N/A
2019 DYNAMAX ISATA 3 24FW,2178862,Used,"Council Bluffs, IA",,4,24 ft 7 in,113999,N/A
2020 WINNEBAGO VITA 24P,2183938,Used,"Alvarado, TX",,5,24 ft 7 in,113999,N/A
2015 WINNEBAGO FORZA 34T,2205486,Used,"RVs.com Showroom Nashville - Nashville, TN",,7,35 ft 0 in,114999,N/A
2006 COUNTRY COACH MAGNA REMBRANDT 600,2071020,Used,"Oklahoma City, OK",,6,0 ft 0 in,115499,N/A
2020 WINNEBAGO ERA 170B,2086499,Used,"Fort Pierce, FL",,2,24 ft 3 in,115499,N/A
2015 FLEETWOOD EXCURSION 33D,2181843,Used,"Chichester, NH",,5,35 ft 0 in,115899,N/A
2018 WINNEBAGO NAVION 24D,2165585,Used,"Windham, ME",,5,25 ft 7 in,116999,N/A
2019 ENTEGRA COACH QWEST 24L,2177115,Used,"Mesa, AZ",,5,25 ft 2 in,116999,N/A
2018 WINNEBAGO VIEW 24D,2206262P,Used,"Albuquerque, NM",,4,25 ft 7 in,116999,N/A
2019 WINNEBAGO ERA 70B,2133483,Used,"Lubbock, TX",,1,24 ft 3 in,115999,N/A
2019 DYNAMAX ISATA 3 24FW,2193658,Used,"Summerfield, FL",,4,24 ft 7 in,117999,N/A
2018 THOR SYNERGY TT24,2205596,Used,"Kenosha, WI",,4,26 ft 0 in,116999,N/A
2018 DYNAMAX ISATA 3 24RW,2206313,Used,"Dover, FL",,4,24 ft 7 in,118699,N/A
2019 ENTEGRA COACH QWEST 24A,2181857,Used,"Eau Claire, WI",,5,25 ft 2 in,117999,N/A
2016 AIRSTREAM INTERSTATE GRAND TOUR EXT,2141605,Used,"Airstream of Virginia - Ashland, VA",,2,24 ft 4 in,118499,N/A
2018 AIRSTREAM INTERSTATE GRAND TOUR EXT,2155078,Used,"Airstream of Virginia - Ashland, VA",,2,24 ft 5 in,119999,N/A
2021 JAYCO MELBOURNE 24T,2195147,Used,"Braidwood, IL",,3,25 ft 2 in,119999,N/A
2021 JAYCO MELBOURNE 24L,2199257,Used,"Owatonna, MN",,4,25 ft 2 in,119999,N/A
2017 AIRSTREAM INTERSTATE EXT LOUNGE,2206997,Used,"Robertsdale, AL",,1,24 ft 5 in,119999,N/A
2015 THOR CHATEAU 33SW,3000212P,Used,"Georgetown, KY",,7,35 ft 0 in,119999,N/A
2019 JAYCO MELBOURNE PRESTIGE 24AP,2105662A,Used,"Vacaville, CA",,6,25 ft 2 in,118999,N/A
2016 AIRSTREAM INTERSTATE GRAND TOUR EXT,2148513,Used,"Airstream of Virginia - Ashland, VA",,4,24 ft 4 in,118999,N/A
2008 ITASCA HORIZON 40TD,2182119,Used,"Poteau, OK",,3,40 ft 0 in,118999,N/A
2020 WINNEBAGO VITA 24P,1536WRP,Used,"RVs.com Showroom Wheat Ridge - Wheat Ridge, CO",,5,24 ft 7 in,121498,N/A
2015 AIRSTREAM INTERSTATE LOUNGE EXT,2208448,Used,"St. Augustine, FL",,1,24 ft 1 in,120999,N/A
2022 THOR SANCTUARY 19L,2154882,Used,"Spring, TX",,2,19 ft 8 in,119999,N/A
2022 JAYCO MELBOURNE 24R,2185045,Used,"Jackson, MS",,5,25 ft 2 in,121999,N/A
2018 WINNEBAGO NAVION 24V,2203710,Used,"Camping World of DeKalb - Cortland, IL",,5,25 ft 7 in,121999,N/A
2019 THOR SYNERGY 24SS,2203628,Used,"Tulsa, OK",,5,24 ft 11 in,120999,N/A
2019 DYNAMAX ISATA 3 24FW,2179063,Used,"Oakwood, GA",,4,24 ft 7 in,121999,N/A
2021 JAYCO MELBOURNE PRESTIGE 24RP,2159804,Used,"Jackson, TN",,3,27 ft 0 in,123999,N/A
2016 AIRSTREAM INTERSTATE GRAND TOUR EXT,2198040,Used,"Owatonna, MN",,2,24 ft 4 in,123999,N/A
2019 THOR CHATEAU CITATION 24SK,3000165P,Used,"Georgetown, KY",,4,25 ft 10 in,123999,N/A
2019 ENTEGRA COACH QWEST 24A,2189958,Used,"Jacksonville, FL",,5,25 ft 2 in,124999,N/A
2021 JAYCO MELBOURNE 24L,2203932,Used,"Windham, ME",,4,25 ft 2 in,124999,N/A
2020 JAYCO MELBOURNE 24L,2204258,Used,"Forest Lake, MN",,5,25 ft 2 in,124999,N/A
2017 AIRSTREAM INTERSTATE EXT GRAND TOUR,2208041P,Used,"Akron, OH",,1,24 ft 5 in,124999,N/A
2008 WINNEBAGO JOURNEY 37H,2137745P,Used,"Piqua, OH",,2,37 ft 7 in,124499,N/A
2019 ENTEGRA COACH QWEST 24L,2205597P,Used,"Avondale, AZ",,5,25 ft 2 in,125999,N/A
2019 WINNEBAGO VIEW 24V,2182481,Used,"Hillsboro, OR",,6,25 ft 8 in,124999,N/A
2018 WINNEBAGO NAVION 24D,2193785,Used,"Alvarado, TX",,4,25 ft 7 in,124999,N/A
2016 AIRSTREAM INTERSTATE GRAND TOUR EXT,2168685,Used,"Airstream of Virginia - Ashland, VA",,2,24 ft 4 in,127999,N/A
2018 TIFFIN WAYFARER 24QW,2194574,Used,"Ridgeland, SC",,2,25 ft 4 in,127999,N/A
2019 WINNEBAGO NAVION 24V,2207940,Used,"St. Augustine, FL",,6,25 ft 8 in,127999,N/A
2017 NEXUS RV PHANTOM SUPER C 32SC,2167509,Used,"Houghton Lake, MI",,5,32 ft 5 in,128999,N/A
2022 THOR QUANTUM DS24,2205832,Used,"Summerfield, FL",,4,25 ft 10 in,128999,N/A
2022 THOR QUANTUM DS24,2171012,Used,"Kissimmee, FL",,5,25 ft 9 in,129999,N/A
2021 THOR TIBURON 24RW,2190863,Used,"Akron, OH",,6,25 ft 8 in,129999,N/A
2019 WINNEBAGO VIEW 24V,2206934,Used,"Windham, ME",,6,25 ft 8 in,129999,N/A
2019 DYNAMAX ISATA 3 24FW,2184193P,Used,"RVs.com Showroom Boise - Garden City, ID",,4,24 ft 7 in,128999,N/A
2022 THOR SANCTUARY 19L,2205070P,Used,"Medford, OR",,2,19 ft 8 in,128999,N/A
2018 FOREST RIVER FORESTER MBS 2401W,2194252,Used,"Draper, UT",,6,24 ft 11 in,129995,N/A
2018 RENEGADE RV VIENNA 25VQRS,2207785,Used,"Lubbock, TX",,4,25 ft 0 in,129999,N/A
2022 THOR TRANQUILITY 19L,2190492P,Used,"Mesa, AZ",,2,19 ft 8 in,131999,N/A
2017 NEXUS RV BENTLEY 34B,2171042,Used,"Augusta, GA",,4,35 ft 10 in,130999,N/A
2020 WINNEBAGO VIEW 24D,2204559P,Used,"Vacaville, CA",,6,25 ft 6 in,130999,N/A
2021 THOR TIBURON 24FB,2167290P,Used,"Grand Rapids, MI",,5,25 ft 8 in,132999,N/A
2020 FOREST RIVER FORESTER MBS 2401R,2193919,Used,"Little Falls, MN",,5,24 ft 11 in,133999,N/A
2020 WINNEBAGO VIEW 24V,2198701,Used,"Golden, CO",,5,25 ft 5 in,134498,N/A
2020 WINNEBAGO NAVION 24J,2203581P,Used,"Hillsboro, OR",,6,25 ft 8 in,132999,N/A
2021 RENEGADE VIENNA 25FWS,2160682,Used,"Jackson, TN",,3,24 ft 11 in,135999,N/A
2021 WINNEBAGO NAVION 24J,2208299P,Used,"Birch Run, MI",,6,25 ft 6 in,135999,N/A
2022 THOR SANCTUARY 19P,2205054,Used,"Uxbridge, MA",,3,19 ft 8 in,137999,N/A
2020 THOR DELANO 24RW,2203866Z,Used,"Hendersonville, NC",,5,25 ft 8 in,137985,N/A
2020 DYNAMAX ISATA 3 24FW,2195437P,Used,"Garner, NC",,3,24 ft 7 in,139999,N/A
2017 AIRSTREAM INTERSTATE EXT GRAND TOUR,2203723,Used,"Spring, TX",,3,24 ft 5 in,138999,N/A
2020 DYNAMAX ISATA 3 24FW,2205029,Used,"Birch Run, MI",,3,24 ft 7 in,140999,N/A
2015 TIFFIN ALLEGRO RED 33AA,2154813P,Used,"Idaho Falls, ID",,6,34 ft 3 in,139999,N/A
2018 ROADTREK ROADTREK CS-ADVENTUROUS XL,2195340,Used,"Jackson, TN",,2,22 ft 9 in,142999,N/A
2021 THOR DELANO 24RW,1000661P,Used,"New Braunfels, TX",,4,25 ft 8 in,141999,N/A
2016 FOREST RIVER BERKSHIRE 38A,2190214,Used,"Mesa, AZ",,6,39 ft 3 in,145999,N/A
2021 THOR TIBURON 24RW,2202938,Used,"Draper, UT",,6,25 ft 8 in,144995,N/A
2016 WINNEBAGO FORZA 38R,2151854,Used,"St George, UT",,6,39 ft 11 in,145999,N/A
2022 THOR TIBURON 24TT,2184954P,Used,"Roseville, CA",,5,24 ft 9 in,146999,N/A
2021 WINNEBAGO REVEL 44E,2192437P,Used,"Idaho Falls, ID",,3,19 ft 7 in,146999,N/A
2022 THOR DELANO 24TT,2168341,Used,"Dover, FL",,4,24 ft 9 in,148999,N/A
2018 THOR PALAZZO 36.3,2156559,Used,"Akron, OH",,8,37 ft 7 in,149999,N/A
2021 REGENCY ULTRA BROUGHAM 25MB,2177602,Used,"Akron, OH",,2,25 ft 1 in,149999,N/A
2021 WINNEBAGO VIEW 24D,50076P,Used,"Longmont, CO",,6,25 ft 6 in,150498,N/A
2015 NEWMAR VENTANA LE 3812,2142523A,Used,"Fresno, CA",,-,0 ft 0 in,148999,N/A
2018 AIRSTREAM INTERSTATE GRAND TOUR EXT,2193279P,Used,"Camping World of Reno - Reno, NV",,2,24 ft 5 in,150999,N/A
2021 WINNEBAGO REVEL 44E,2170372P,Used,"Idaho Falls, ID",,2,19 ft 7 in,149999,N/A
2022 TIFFIN CAHABA 19SC,2204569,Used,"Holiday, FL",,1,19 ft 5 in,151999,N/A
2022 DYNAMAX ISATA 3 24FW,2190092,Used,"New River, AZ",,5,24 ft 7 in,156999,N/A
2022 WINNEBAGO REVEL 44E,2194910P,Used,"Katy, TX",,3,19 ft 7 in,155999,N/A
2022 THOR DELANO 24RW,2190510,Used,"Chelsea, MI",,4,25 ft 8 in,158999,N/A
2018 AIRSTREAM INTERSTATE EXT GRAND TOUR,2185208Z,Used,"Uxbridge, MA",,2,24 ft 5 in,158995,N/A
2022 THOR DELANO 24TT,2167873,Used,"Cedar Falls, IA",,4,24 ft 9 in,159999,N/A
2017 TIFFIN ALEGRO BREEZE 31BR,2144751,Used,"Uxbridge, MA",,6,33 ft 6 in,162499,N/A
2022 WINNEBAGO REVEL 44E,2193876,Used,"McGeorge RV - A Camping World Company - Ashland, VA",,3,19 ft 7 in,164999,N/A
2021 THOR OMNI BH35,2207169,Used,"Biloxi, MS",,7,36 ft 10 in,164999,N/A
2017 THOR CHATEAU 35SB,2150491A,Used,"Katy, TX",,8,35 ft 11 in,164999,N/A
2014 NEWMAR VENTANA 4037,2155095P,Used,"Wood Village, OR",,-,0 ft 0 in,164999,N/A
2021 THOR MAGNITUDE XG32 F550,2147043,Used,"Akron, OH",,6,33 ft 6 in,165999,N/A
2020 NEXUS RV EVOQUE 37E,2148397,Used,"Chattanooga, TN",,2,38 ft 10 in,167999,N/A
2022 TIFFIN WAYFARER 25RW,2204853P,Used,"Churchville, NY",,5,25 ft 8 in,168999,N/A
2016 FOREST RIVER BERKSHIRE XL 40RB,2158142,Used,"Las Vegas, NV",,4,41 ft 0 in,170999,N/A
2010 MONACO DYNASTY MAJESTIC V 500HP CUMMINS,2007866,Used,"Katy, TX",,6,44 ft 11 in,169999,N/A
2019 AIRSTREAM INTERSTATE GRAND TOUR EXT,2206842,Used,"Ridgeland, SC",,2,24 ft 5 in,171999,N/A
2016 FLEETWOOD DISCOVERY 40E,2206518,Used,"Fort Pierce, FL",,4,41 ft 4 in,172989,N/A
2017 TIFFIN ALLEGRO BREEZE 32BR,2159289,Used,"Wichita, KS",,6,33 ft 6 in,175999,N/A
2015 WINNEBAGO JOURNEY 40R,2177073P,Used,"Akron, OH",,4,41 ft 3 in,175999,N/A
2022 THOR OMNI SV34,2177284P,Used,"Akron, OH",,7,35 ft 9 in,179999,N/A
2019 WINNEBAGO FORZA 36G,2195980,Used,"Fort Myers, FL",,7,38 ft 1 in,180999,N/A
2022 THOR MAGNITUDE XG32,2142961,Used,"Tucson, AZ",,4,33 ft 6 in,181499,N/A
2021 THOR OMNI BH35,2168943,Used,"Gulf Breeze, FL",,7,36 ft 10 in,182999,N/A
2020 THOR MAGNITUDE SV34,2183908,Used,"Syracuse, NY",,6,35 ft 6 in,186999,N/A
2018 FLEETWOOD DISCOVERY 38N FREIGHTLINER 340HP,2160459,Used,"New River, AZ",,-,38 ft 8 in,187999,N/A
2022 NEXUS RV TRIUMPH SUPER C 33TSC,2198499,Used,"Little Falls, MN",,6,33 ft 8 in,187999,N/A
2020 NEXUS RV BENTLEY 34B,2099750,Used,"Fort Pierce, FL",,8,60 ft 10 in,186499,N/A
2021 NEXUS RV WRAITH 32W,2168968,Used,"McGeorge RV - A Camping World Company - Ashland, VA",,4,32 ft 5 in,188999,N/A
2022 THOR TIBURON 24FB,2184403Z,Used,"Camping World of Hugo - Hugo, MN",,5,25 ft 8 in,189995,N/A
2016 TIFFIN ALLEGRO RED 38QRA,2160125P,Used,"Akron, OH",,6,39 ft 8 in,189999,N/A
2022 THOR MAGNITUDE SV34,2161846P,Used,"Akron, OH",,7,35 ft 6 in,189999,N/A
2018 JAYCO SENECA 37RB,2194152,Used,"Las Vegas, NV",,7,38 ft 6 in,190999,N/A
2021 THOR OMNI XG32,2196126,Used,"Summerfield, FL",,6,33 ft 6 in,189999,N/A
2017 DYNAMAX DX3 37RB,2078916,Used,"Akron, OH",,5,41 ft 2 in,189999,N/A
2021 NEXUS RV REBEL 30R,2191461Z,Used,"Berkley, MA",,6,30 ft 11 in,192500,N/A
2020 THOR PALAZZO 33.2,2191154,Used,"Syracuse, NY",,6,34 ft 9 in,193999,N/A
2022 THOR OMNI RB34,2191085,Used,"Woodstock, GA",,8,35 ft 9 in,194999,N/A
2019 NEWMAR VENTANA 3412,2120354,Used,"Mesa, AZ",,-,34 ft 10 in,199999,N/A
2015 WINNEBAGO JOURNEY 40U,2151407Z,Used,"Syracuse, NY",,-,41 ft 3 in,199999,N/A
2022 THOR MAGNITUDE XG32,1000574P,Used,"New Braunfels, TX",,4,33 ft 6 in,199999,N/A
2020 THOR PALAZZO 33.5,2205753,Used,"RVs.com Showroom North Little Rock - Sherwood, AR",,6,34 ft 9 in,200999,N/A
2014 DYNAMAX DX3 37TRS,2193702P,Used,"RVs.com Showroom Boise - Garden City, ID",,3,39 ft 2 in,202999,N/A
2019 WINNEBAGO FORZA 36G,2165502,Used,"McGeorge RV - A Camping World Company - Ashland, VA",,7,38 ft 1 in,204999,N/A
2019 ENTEGRA COACH REATTA 37MB,2208547,Used,"Alvarado, TX",,4,37 ft 10 in,203999,N/A
2022 THOR MAGNITUDE RS36,2181933,Used,"North Little Rock, AR",,7,37 ft 9 in,208999,N/A
2014 MONACO DYNASTY 44PDQ,2159829,Used,"Mesa, AZ",,-,44 ft 0 in,210999,N/A
2020 AIRSTREAM INTERSTATE GRAND TOUR EXT,2206535,Used,"Holiday, FL",,1,24 ft 5 in,209995,N/A
2019 WINNEBAGO FORZA 36G,2140188A,Used,"Summerset, SD",,8,38 ft 1 in,210999,N/A
2022 NEXUS RV REBEL 35R,2182273,Used,"Wentzville, MO",,8,34 ft 11 in,213999,N/A
2022 THOR OMNI SV34,2177037P,Used,"Roseville, CA",,7,35 ft 9 in,213999,N/A
2022 NEXUS RV GHOST 34DS,2135692,Used,"Dover, FL",,4,33 ft 0 in,217499,N/A
2019 TIFFIN ALLEGRO RED 37PA,2154878,Used,"Tulsa, OK",,4,39 ft 0 in,217999,N/A
2016 TIFFIN PHAETON 44OH,1000453P,Used,"Mesa, AZ",,5,45 ft 0 in,224499,N/A
2022 THOR PALAZZO 37.4,2192780,Used,"Alvarado, TX",,7,38 ft 11 in,229999,N/A
2014 WINNEBAGO TOUR 42QD,2207275,Used,"Coldwater, MI",,4,42 ft 11 in,249999,N/A
2021 THOR ARIA 3901,2193327,Used,"Chelsea, MI",,7,39 ft 11 in,261999,N/A
2022 ENTEGRA COACH ACCOLADE XL 37L,2206799Z,Used,"Hendersonville, NC",,9,40 ft 0 in,269997,N/A
2021 DYNAMAX FORCE HD 37TS,3000073P,Used,"Piqua, OH",,7,39 ft 2 in,288999,N/A
2022 RENEGADE RV VALENCIA 35MB,2191826,Used,"New River, AZ",,7,38 ft 2 in,294999,N/A
2020 TIFFIN PHAETON 37BH,2149257,Used,"Mesa, AZ",,3,38 ft 2 in,299999,N/A
2015 NEWMAR ESSEX 4501,2160463,Used,"New River, AZ",,-,44 ft 11 in,309952,N/A
2017 ENTEGRA COACH CORNERSTONE 45W,2109447,Used,"Dover, FL",,6,44 ft 11 in,340499,600
2018 TIFFIN ALLEGRO BUS 40SP,2101801A,Used,"Mesa, AZ",,3,40 ft 11 in,344999,N/A
2022 FOREST RIVER SUNSEEKER MBS 2400T,1862290,New,"Anniston, AL",,4,25 ft 5 in,109995,N/A
2022 FOREST RIVER SUNSEEKER MBS 2400B,2099206,New,"Rossford, OH",,4,25 ft 5 in,114998,N/A
2023 THOR COLEMAN 24CL,2194400,New,"Gander RV of Redding - Anderson, CA",,5,25 ft 10 in,117895,N/A
2022 FOREST RIVER FORESTER MBS 2401B,2085924,New,"Longmont, CO",,4,25 ft 5 in,125497,N/A
2023 THOR SANCTUARY 19P 4X2,2130508,New,"Concord, NC",,1,19 ft 8 in,124995,N/A
2023 THOR SANCTUARY 19P 4X2,2130509,New,"Concord, NC",,1,19 ft 8 in,124995,N/A
2023 THOR SANCTUARY 19P 4X2,2130510,New,"Greenwood, IN",,1,19 ft 8 in,124995,N/A
2023 THOR SANCTUARY 19P 4X2,2130511,New,"Greenwood, IN",,1,19 ft 8 in,124995,N/A
2023 THOR TRANQUILITY 19P 4X2,2130512,New,"Katy, TX",,1,19 ft 8 in,124995,N/A
2023 THOR SANCTUARY 19P 4X2,2130514,New,"Longmont, CO",,1,19 ft 8 in,125494,N/A
2023 THOR SANCTUARY 19P 4X2,2130515,New,"Longmont, CO",,1,19 ft 8 in,125494,N/A
2023 THOR SANCTUARY 19P 4X2,2170434,New,"Idaho Falls, ID",,1,19 ft 8 in,124995,N/A
2023 THOR SANCTUARY 19P 4X2,2170435,New,"Idaho Falls, ID",,1,19 ft 8 in,124995,N/A
2023 THOR TRANQUILITY 19P 4X2,2170438,New,"Katy, TX",,1,19 ft 8 in,124995,N/A
2023 THOR TRANQUILITY 19P 4X2,2170439,New,"Katy, TX",,1,19 ft 8 in,124995,N/A
2023 THOR TRANQUILITY 19P 4X2,2170440,New,"Katy, TX",,1,19 ft 8 in,124995,N/A
2023 THOR TRANQUILITY 19P 4X2,2170442,New,"Katy, TX",,1,19 ft 8 in,124995,N/A
2023 THOR SANCTUARY 19P 4X2,2170446,New,"Longmont, CO",,1,19 ft 8 in,125494,N/A
2023 THOR SANCTUARY 19P 4X2,2170447,New,"Longmont, CO",,1,19 ft 8 in,125494,N/A
2023 THOR SANCTUARY 19P 4X2,2170448,New,"Longmont, CO",,1,19 ft 8 in,125494,N/A
2023 THOR SANCTUARY 19P 4X2,2170452,New,"Greenwood, IN",,1,19 ft 8 in,124995,N/A
2023 THOR SANCTUARY 19P 4X2,2170454,New,"Greenwood, IN",,1,19 ft 8 in,124995,N/A
2023 THOR SANCTUARY 19P 4X2,2170455,New,"Idaho Falls, ID",,1,19 ft 8 in,124995,N/A
2023 THOR FOUR WINDS 24LT,2150483,New,"Apollo, PA",,5,25 ft 1 in,124795,N/A
2023 THOR FOUR WINDS 24LT,2150485,New,"Columbia, MO",,5,25 ft 1 in,124795,N/A
2023 THOR FOUR WINDS 24LT,2150487,New,"Council Bluffs, IA",,5,25 ft 1 in,124795,N/A
2023 THOR FOUR WINDS 24LT,2150501,New,"McGeorge RV - A Camping World Company - Ashland, VA",,5,25 ft 1 in,124795,N/A
2023 THOR FOUR WINDS 24LT,2150503,New,"Vacaville, CA",,5,25 ft 1 in,124795,N/A
2022 FOREST RIVER SUNSEEKER MBS 2400B,1862365,New,"Olive Branch, MS",,4,25 ft 5 in,127995,N/A
2023 THOR FOUR WINDS 24LT,2150488,New,"Camping World of Oklahoma City East - Oklahoma City, OK",,5,25 ft 1 in,127795,N/A
2023 THOR SANCTUARY 19P,2156131,New,"Longmont, CO",,1,19 ft 8 in,135494,N/A
2023 FOREST RIVER FORESTER MBS 2401B,1862315,New,"Wauconda, IL",,4,25 ft 5 in,133999,N/A
2022 THOR TIBURON 24TT,2105853,New,"Vacaville, CA",,5,24 ft 9 in,133995,N/A
2022 FOREST RIVER FORESTER MBS 2401B,1969328,New,"Tyler, TX",,4,25 ft 5 in,134998,N/A
2023 THOR SANCTUARY 19L,2170444,New,"Manassas, VA",,2,19 ft 8 in,137395,N/A
2023 THOR SANCTUARY 19L,2170458,New,"Greenwood, IN",,2,19 ft 8 in,137395,N/A
2023 THOR SANCTUARY 19P,2159904,New,"Pasco, WA",,1,19 ft 8 in,138995,N/A
2023 THOR SANCTUARY 19P,2213579,New,"Syracuse, NY",,1,19 ft 8 in,140695,N/A
2023 THOR TRANQUILITY 19L,2159666,New,"Akron, OH",,2,19 ft 8 in,141195,N/A
2023 THOR TRANQUILITY 19P,2159669,New,"Katy, TX",,1,19 ft 8 in,141195,N/A
2023 THOR SANCTUARY 19P 4X2,2170452,New,"Greenwood, IN",,1,19 ft 8 in,124995,N/A
2023 THOR SANCTUARY 19P 4X2,2170454,New,"Greenwood, IN",,1,19 ft 8 in,124995,N/A
2023 THOR SANCTUARY 19P 4X2,2170455,New,"Idaho Falls, ID",,1,19 ft 8 in,124995,N/A
2023 THOR FOUR WINDS 24LT,2150483,New,"Apollo, PA",,5,25 ft 1 in,124795,N/A
2023 THOR FOUR WINDS 24LT,2150485,New,"Columbia, MO",,5,25 ft 1 in,124795,N/A
2023 THOR FOUR WINDS 24LT,2150487,New,"Council Bluffs, IA",,5,25 ft 1 in,124795,N/A
2023 THOR FOUR WINDS 24LT,2150501,New,"McGeorge RV - A Camping World Company - Ashland, VA",,5,25 ft 1 in,124795,N/A
2023 THOR FOUR WINDS 24LT,2150503,New,"Vacaville, CA",,5,25 ft 1 in,124795,N/A
2022 FOREST RIVER SUNSEEKER MBS 2400B,1862365,New,"Olive Branch, MS",,4,25 ft 5 in,127995,N/A
2023 THOR FOUR WINDS 24LT,2150488,New,"Camping World of Oklahoma City East - Oklahoma City, OK",,5,25 ft 1 in,127795,N/A
2023 THOR SANCTUARY 19P,2156131,New,"Longmont, CO",,1,19 ft 8 in,135494,N/A
2023 FOREST RIVER FORESTER MBS 2401B,1862315,New,"Wauconda, IL",,4,25 ft 5 in,133999,N/A
2022 THOR TIBURON 24TT,2105853,New,"Vacaville, CA",,5,24 ft 9 in,133995,N/A
2022 FOREST RIVER FORESTER MBS 2401B,1969328,New,"Tyler, TX",,4,25 ft 5 in,134998,N/A
2023 THOR SANCTUARY 19L,2170444,New,"Manassas, VA",,2,19 ft 8 in,137395,N/A
2023 THOR SANCTUARY 19L,2170458,New,"Greenwood, IN",,2,19 ft 8 in,137395,N/A
2023 THOR SANCTUARY 19P,2159904,New,"Pasco, WA",,1,19 ft 8 in,138995,N/A
2023 THOR SANCTUARY 19P,2213579,New,"Syracuse, NY",,1,19 ft 8 in,140695,N/A
2023 THOR TRANQUILITY 19L,2159666,New,"Akron, OH",,2,19 ft 8 in,141195,N/A
2023 THOR TRANQUILITY 19P,2159669,New,"Katy, TX",,1,19 ft 8 in,141195,N/A
2023 THOR SANCTUARY 19P 4X2,2170452,New,"Greenwood, IN",,1,19 ft 8 in,124995,N/A
2023 THOR SANCTUARY 19P 4X2,2170454,New,"Greenwood, IN",,1,19 ft 8 in,124995,N/A
2023 THOR SANCTUARY 19P 4X2,2170455,New,"Idaho Falls, ID",,1,19 ft 8 in,124995,N/A
2023 THOR FOUR WINDS 24LT,2150483,New,"Apollo, PA",,5,25 ft 1 in,124795,N/A
2023 THOR FOUR WINDS 24LT,2150485,New,"Columbia, MO",,5,25 ft 1 in,124795,N/A
2023 THOR FOUR WINDS 24LT,2150487,New,"Council Bluffs, IA",,5,25 ft 1 in,124795,N/A
2023 THOR FOUR WINDS 24LT,2150501,New,"McGeorge RV - A Camping World Company - Ashland, VA",,5,25 ft 1 in,124795,N/A
2023 THOR FOUR WINDS 24LT,2150503,New,"Vacaville, CA",,5,25 ft 1 in,124795,N/A
2022 FOREST RIVER SUNSEEKER MBS 2400B,1862365,New,"Olive Branch, MS",,4,25 ft 5 in,127995,N/A
2023 THOR FOUR WINDS 24LT,2150488,New,"Camping World of Oklahoma City East - Oklahoma City, OK",,5,25 ft 1 in,127795,N/A
2023 THOR SANCTUARY 19P,2156131,New,"Longmont, CO",,1,19 ft 8 in,135494,N/A
2023 FOREST RIVER FORESTER MBS 2401B,1862315,New,"Wauconda, IL",,4,25 ft 5 in,133999,N/A
2022 THOR TIBURON 24TT,2105853,New,"Vacaville, CA",,5,24 ft 9 in,133995,N/A
2022 FOREST RIVER FORESTER MBS 2401B,1969328,New,"Tyler, TX",,4,25 ft 5 in,134998,N/A
2023 THOR SANCTUARY 19L,2170444,New,"Manassas, VA",,2,19 ft 8 in,137395,N/A
2023 THOR SANCTUARY 19L,2170458,New,"Greenwood, IN",,2,19 ft 8 in,137395,N/A
2023 THOR SANCTUARY 19P,2159904,New,"Pasco, WA",,1,19 ft 8 in,138995,N/A
2023 THOR SANCTUARY 19P,2213579,New,"Syracuse, NY",,1,19 ft 8 in,140695,N/A
2023 THOR TRANQUILITY 19L,2159666,New,"Akron, OH",,2,19 ft 8 in,141195,N/A
2023 THOR TRANQUILITY 19P,2159669,New,"Katy, TX",,1,19 ft 8 in,141195,N/A
2023 THOR SANCTUARY 19P 4X2,2170452,New,"Greenwood, IN",,1,19 ft 8 in,124995,N/A
2023 THOR SANCTUARY 19P 4X2,2170454,New,"Greenwood, IN",,1,19 ft 8 in,124995,N/A
2023 THOR SANCTUARY 19P 4X2,2170455,New,"Idaho Falls, ID",,1,19 ft 8 in,124995,N/A
2023 THOR FOUR WINDS 24LT,2150483,New,"Apollo, PA",,5,25 ft 1 in,124795,N/A
2023 THOR FOUR WINDS 24LT,2150485,New,"Columbia, MO",,5,25 ft 1 in,124795,N/A
2023 THOR FOUR WINDS 24LT,2150487,New,"Council Bluffs, IA",,5,25 ft 1 in,124795,N/A
2023 THOR FOUR WINDS 24LT,2150501,New,"McGeorge RV - A Camping World Company - Ashland, VA",,5,25 ft 1 in,124795,N/A
2023 THOR FOUR WINDS 24LT,2150503,New,"Vacaville, CA",,5,25 ft 1 in,124795,N/A
2022 FOREST RIVER SUNSEEKER MBS 2400B,1862365,New,"Olive Branch, MS",,4,25 ft 5 in,127995,N/A
2023 THOR FOUR WINDS 24LT,2150488,New,"Camping World of Oklahoma City East - Oklahoma City, OK",,5,25 ft 1 in,127795,N/A
2023 THOR SANCTUARY 19P,2156131,New,"Longmont, CO",,1,19 ft 8 in,135494,N/A
2023 FOREST RIVER FORESTER MBS 2401B,1862315,New,"Wauconda, IL",,4,25 ft 5 in,133999,N/A
2022 THOR TIBURON 24TT,2105853,New,"Vacaville, CA",,5,24 ft 9 in,133995,N/A
2022 FOREST RIVER FORESTER MBS 2401B,1969328,New,"Tyler, TX",,4,25 ft 5 in,134998,N/A
2023 THOR SANCTUARY 19L,2170444,New,"Manassas, VA",,2,19 ft 8 in,137395,N/A
2023 THOR SANCTUARY 19L,2170458,New,"Greenwood, IN",,2,19 ft 8 in,137395,N/A
2023 THOR SANCTUARY 19P,2159904,New,"Pasco, WA",,1,19 ft 8 in,138995,N/A
2023 THOR SANCTUARY 19P,2213579,New,"Syracuse, NY",,1,19 ft 8 in,140695,N/A
2023 THOR TRANQUILITY 19L,2159666,New,"Akron, OH",,2,19 ft 8 in,141195,N/A
2023 THOR TRANQUILITY 19P,2159669,New,"Katy, TX",,1,19 ft 8 in,141195,N/A
2023 THOR SANCTUARY 19P 4X2,2170452,New,"Greenwood, IN",,1,19 ft 8 in,124995,N/A
2023 THOR SANCTUARY 19P 4X2,2170454,New,"Greenwood, IN",,1,19 ft 8 in,124995,N/A
2023 THOR SANCTUARY 19P 4X2,2170455,New,"Idaho Falls, ID",,1,19 ft 8 in,124995,N/A
2023 THOR FOUR WINDS 24LT,2150483,New,"Apollo, PA",,5,25 ft 1 in,124795,N/A
2023 THOR FOUR WINDS 24LT,2150485,New,"Columbia, MO",,5,25 ft 1 in,124795,N/A
2023 THOR FOUR WINDS 24LT,2150487,New,"Council Bluffs, IA",,5,25 ft 1 in,124795,N/A
2023 THOR FOUR WINDS 24LT,2150501,New,"McGeorge RV - A Camping World Company - Ashland, VA",,5,25 ft 1 in,124795,N/A
2023 THOR FOUR WINDS 24LT,2150503,New,"Vacaville, CA",,5,25 ft 1 in,124795,N/A
2022 FOREST RIVER SUNSEEKER MBS 2400B,1862365,New,"Olive Branch, MS",,4,25 ft 5 in,127995,N/A
2023 THOR FOUR WINDS 24LT,2150488,New,"Camping World of Oklahoma City East - Oklahoma City, OK",,5,25 ft 1 in,127795,N/A
2023 THOR SANCTUARY 19P,2156131,New,"Longmont, CO",,1,19 ft 8 in,135494,N/A
2023 FOREST RIVER FORESTER MBS 2401B,1862315,New,"Wauconda, IL",,4,25 ft 5 in,133999,N/A
2022 THOR TIBURON 24TT,2105853,New,"Vacaville, CA",,5,24 ft 9 in,133995,N/A
2022 FOREST RIVER FORESTER MBS 2401B,1969328,New,"Tyler, TX",,4,25 ft 5 in,134998,N/A
2023 THOR SANCTUARY 19L,2170444,New,"Manassas, VA",,2,19 ft 8 in,137395,N/A
2023 THOR SANCTUARY 19L,2170458,New,"Greenwood, IN",,2,19 ft 8 in,137395,N/A
2023 THOR SANCTUARY 19P,2159904,New,"Pasco, WA",,1,19 ft 8 in,138995,N/A
2023 THOR SANCTUARY 19P,2213579,New,"Syracuse, NY",,1,19 ft 8 in,140695,N/A
2023 THOR TRANQUILITY 19L,2159666,New,"Akron, OH",,2,19 ft 8 in,141195,N/A
2023 THOR TRANQUILITY 19P,2159669,New,"Katy, TX",,1,19 ft 8 in,141195,N/A
2023 THOR SANCTUARY 19P 4X2,2170452,New,"Greenwood, IN",,1,19 ft 8 in,124995,N/A
2023 THOR SANCTUARY 19P 4X2,2170454,New,"Greenwood, IN",,1,19 ft 8 in,124995,N/A
2023 THOR SANCTUARY 19P 4X2,2170455,New,"Idaho Falls, ID",,1,19 ft 8 in,124995,N/A
2023 THOR FOUR WINDS 24LT,2150483,New,"Apollo, PA",,5,25 ft 1 in,124795,N/A
2023 THOR FOUR WINDS 24LT,2150485,New,"Columbia, MO",,5,25 ft 1 in,124795,N/A
2023 THOR FOUR WINDS 24LT,2150487,New,"Council Bluffs, IA",,5,25 ft 1 in,124795,N/A
2023 THOR FOUR WINDS 24LT,2150501,New,"McGeorge RV - A Camping World Company - Ashland, VA",,5,25 ft 1 in,124795,N/A
2023 THOR FOUR WINDS 24LT,2150503,New,"Vacaville, CA",,5,25 ft 1 in,124795,N/A
2022 FOREST RIVER SUNSEEKER MBS 2400B,1862365,New,"Olive Branch, MS",,4,25 ft 5 in,127995,N/A
2023 THOR FOUR WINDS 24LT,2150488,New,"Camping World of Oklahoma City East - Oklahoma City, OK",,5,25 ft 1 in,127795,N/A
2023 THOR SANCTUARY 19P,2156131,New,"Longmont, CO",,1,19 ft 8 in,135494,N/A
2023 FOREST RIVER FORESTER MBS 2401B,1862315,New,"Wauconda, IL",,4,25 ft 5 in,133999,N/A
2022 THOR TIBURON 24TT,2105853,New,"Vacaville, CA",,5,24 ft 9 in,133995,N/A
2022 FOREST RIVER FORESTER MBS 2401B,1969328,New,"Tyler, TX",,4,25 ft 5 in,134998,N/A
2023 THOR SANCTUARY 19L,2170444,New,"Manassas, VA",,2,19 ft 8 in,137395,N/A
2023 THOR SANCTUARY 19L,2170458,New,"Greenwood, IN",,2,19 ft 8 in,137395,N/A
2023 THOR SANCTUARY 19P,2159904,New,"Pasco, WA",,1,19 ft 8 in,138995,N/A
2023 THOR SANCTUARY 19P,2213579,New,"Syracuse, NY",,1,19 ft 8 in,140695,N/A
2023 THOR TRANQUILITY 19L,2159666,New,"Akron, OH",,2,19 ft 8 in,141195,N/A
2023 THOR TRANQUILITY 19P,2159669,New,"Katy, TX",,1,19 ft 8 in,141195,N/A
2023 THOR SANCTUARY 19P 4X2,2170452,New,"Greenwood, IN",,1,19 ft 8 in,124995,N/A
2023 THOR SANCTUARY 19P 4X2,2170454,New,"Greenwood, IN",,1,19 ft 8 in,124995,N/A
2023 THOR SANCTUARY 19P 4X2,2170455,New,"Idaho Falls, ID",,1,19 ft 8 in,124995,N/A
2023 THOR FOUR WINDS 24LT,2150483,New,"Apollo, PA",,5,25 ft 1 in,124795,N/A
2023 THOR FOUR WINDS 24LT,2150485,New,"Columbia, MO",,5,25 ft 1 in,124795,N/A
2023 THOR FOUR WINDS 24LT,2150487,New,"Council Bluffs, IA",,5,25 ft 1 in,124795,N/A
2023 THOR FOUR WINDS 24LT,2150501,New,"McGeorge RV - A Camping World Company - Ashland, VA",,5,25 ft 1 in,124795,N/A
2023 THOR FOUR WINDS 24LT,2150503,New,"Vacaville, CA",,5,25 ft 1 in,124795,N/A
2022 FOREST RIVER SUNSEEKER MBS 2400B,1862365,New,"Olive Branch, MS",,4,25 ft 5 in,127995,N/A
2023 THOR FOUR WINDS 24LT,2150488,New,"Camping World of Oklahoma City East - Oklahoma City, OK",,5,25 ft 1 in,127795,N/A
2023 THOR SANCTUARY 19P,2156131,New,"Longmont, CO",,1,19 ft 8 in,135494,N/A
2023 FOREST RIVER FORESTER MBS 2401B,1862315,New,"Wauconda, IL",,4,25 ft 5 in,133999,N/A
2022 THOR TIBURON 24TT,2105853,New,"Vacaville, CA",,5,24 ft 9 in,133995,N/A
2022 FOREST RIVER FORESTER MBS 2401B,1969328,New,"Tyler, TX",,4,25 ft 5 in,134998,N/A
2023 THOR SANCTUARY 19L,2170444,New,"Manassas, VA",,2,19 ft 8 in,137395,N/A
2023 THOR SANCTUARY 19L,2170458,New,"Greenwood, IN",,2,19 ft 8 in,137395,N/A
2023 THOR SANCTUARY 19P,2159904,New,"Pasco, WA",,1,19 ft 8 in,138995,N/A
2023 THOR SANCTUARY 19P,2213579,New,"Syracuse, NY",,1,19 ft 8 in,140695,N/A
2023 THOR TRANQUILITY 19L,2159666,New,"Akron, OH",,2,19 ft 8 in,141195,N/A
2023 THOR TRANQUILITY 19P,2159669,New,"Katy, TX",,1,19 ft 8 in,141195,N/A
2023 THOR SANCTUARY 19P 4X2,2170452,New,"Greenwood, IN",,1,19 ft 8 in,124995,N/A
2023 THOR SANCTUARY 19P 4X2,2170454,New,"Greenwood, IN",,1,19 ft 8 in,124995,N/A
2023 THOR SANCTUARY 19P 4X2,2170455,New,"Idaho Falls, ID",,1,19 ft 8 in,124995,N/A
2023 THOR FOUR WINDS 24LT,2150483,New,"Apollo, PA",,5,25 ft 1 in,124795,N/A
2023 THOR FOUR WINDS 24LT,2150485,New,"Columbia, MO",,5,25 ft 1 in,124795,N/A
2023 THOR FOUR WINDS 24LT,2150487,New,"Council Bluffs, IA",,5,25 ft 1 in,124795,N/A
2023 THOR FOUR WINDS 24LT,2150501,New,"McGeorge RV - A Camping World Company - Ashland, VA",,5,25 ft 1 in,124795,N/A
2023 THOR FOUR WINDS 24LT,2150503,New,"Vacaville, CA",,5,25 ft 1 in,124795,N/A
2022 FOREST RIVER SUNSEEKER MBS 2400B,1862365,New,"Olive Branch, MS",,4,25 ft 5 in,127995,N/A
2023 THOR FOUR WINDS 24LT,2150488,New,"Camping World of Oklahoma City East - Oklahoma City, OK",,5,25 ft 1 in,127795,N/A
2023 THOR SANCTUARY 19P,2156131,New,"Longmont, CO",,1,19 ft 8 in,135494,N/A
2023 FOREST RIVER FORESTER MBS 2401B,1862315,New,"Wauconda, IL",,4,25 ft 5 in,133999,N/A
2022 THOR TIBURON 24TT,2105853,New,"Vacaville, CA",,5,24 ft 9 in,133995,N/A
2022 FOREST RIVER FORESTER MBS 2401B,1969328,New,"Tyler, TX",,4,25 ft 5 in,134998,N/A
2023 THOR SANCTUARY 19L,2170444,New,"Manassas, VA",,2,19 ft 8 in,137395,N/A
2023 THOR SANCTUARY 19L,2170458,New,"Greenwood, IN",,2,19 ft 8 in,137395,N/A
2023 THOR SANCTUARY 19P,2159904,New,"Pasco, WA",,1,19 ft 8 in,138995,N/A
2023 THOR SANCTUARY 19P,2213579,New,"Syracuse, NY",,1,19 ft 8 in,140695,N/A
2023 THOR TRANQUILITY 19L,2159666,New,"Akron, OH",,2,19 ft 8 in,141195,N/A
2023 THOR TRANQUILITY 19P,2159669,New,"Katy, TX",,1,19 ft 8 in,141195,N/A
2023 THOR SANCTUARY 19P 4X2,2170452,New,"Greenwood, IN",,1,19 ft 8 in,124995,N/A
2023 THOR SANCTUARY 19P 4X2,2170454,New,"Greenwood, IN",,1,19 ft 8 in,124995,N/A
2023 THOR SANCTUARY 19P 4X2,2170455,New,"Idaho Falls, ID",,1,19 ft 8 in,124995,N/A
2023 THOR FOUR WINDS 24LT,2150483,New,"Apollo, PA",,5,25 ft 1 in,124795,N/A
2023 THOR FOUR WINDS 24LT,2150485,New,"Columbia, MO",,5,25 ft 1 in,124795,N/A
2023 THOR FOUR WINDS 24LT,2150487,New,"Council Bluffs, IA",,5,25 ft 1 in,124795,N/A
2023 THOR FOUR WINDS 24LT,2150501,New,"McGeorge RV - A Camping World Company - Ashland, VA",,5,25 ft 1 in,124795,N/A
2023 THOR FOUR WINDS 24LT,2150503,New,"Vacaville, CA",,5,25 ft 1 in,124795,N/A
2022 FOREST RIVER SUNSEEKER MBS 2400B,1862365,New,"Olive Branch, MS",,4,25 ft 5 in,127995,N/A
2023 THOR FOUR WINDS 24LT,2150488,New,"Camping World of Oklahoma City East - Oklahoma City, OK",,5,25 ft 1 in,127795,N/A
2023 THOR SANCTUARY 19P,2156131,New,"Longmont, CO",,1,19 ft 8 in,135494,N/A
2023 FOREST RIVER FORESTER MBS 2401B,1862315,New,"Wauconda, IL",,4,25 ft 5 in,133999,N/A
2022 THOR TIBURON 24TT,2105853,New,"Vacaville, CA",,5,24 ft 9 in,133995,N/A
2022 FOREST RIVER FORESTER MBS 2401B,1969328,New,"Tyler, TX",,4,25 ft 5 in,134998,N/A
2023 THOR SANCTUARY 19L,2170444,New,"Manassas, VA",,2,19 ft 8 in,137395,N/A
2023 THOR SANCTUARY 19L,2170458,New,"Greenwood, IN",,2,19 ft 8 in,137395,N/A
2023 THOR SANCTUARY 19P,2159904,New,"Pasco, WA",,1,19 ft 8 in,138995,N/A
2023 THOR SANCTUARY 19P,2213579,New,"Syracuse, NY",,1,19 ft 8 in,140695,N/A
2023 THOR TRANQUILITY 19L,2159666,New,"Akron, OH",,2,19 ft 8 in,141195,N/A
2023 THOR TRANQUILITY 19P,2159669,New,"Katy, TX",,1,19 ft 8 in,141195,N/A
2023 THOR SANCTUARY 19P 4X2,2170452,New,"Greenwood, IN",,1,19 ft 8 in,124995,N/A
2023 THOR SANCTUARY 19P 4X2,2170454,New,"Greenwood, IN",,1,19 ft 8 in,124995,N/A
2023 THOR SANCTUARY 19P 4X2,2170455,New,"Idaho Falls, ID",,1,19 ft 8 in,124995,N/A
2023 THOR FOUR WINDS 24LT,2150483,New,"Apollo, PA",,5,25 ft 1 in,124795,N/A
2023 THOR FOUR WINDS 24LT,2150485,New,"Columbia, MO",,5,25 ft 1 in,124795,N/A
2023 THOR FOUR WINDS 24LT,2150487,New,"Council Bluffs, IA",,5,25 ft 1 in,124795,N/A
2023 THOR FOUR WINDS 24LT,2150501,New,"McGeorge RV - A Camping World Company - Ashland, VA",,5,25 ft 1 in,124795,N/A
2023 THOR FOUR WINDS 24LT,2150503,New,"Vacaville, CA",,5,25 ft 1 in,124795,N/A
2022 FOREST RIVER SUNSEEKER MBS 2400B,1862365,New,"Olive Branch, MS",,4,25 ft 5 in,127995,N/A
2023 THOR FOUR WINDS 24LT,2150488,New,"Camping World of Oklahoma City East - Oklahoma City, OK",,5,25 ft 1 in,127795,N/A
2023 THOR SANCTUARY 19P,2156131,New,"Longmont, CO",,1,19 ft 8 in,135494,N/A
2023 FOREST RIVER FORESTER MBS 2401B,1862315,New,"Wauconda, IL",,4,25 ft 5 in,133999,N/A
2022 THOR TIBURON 24TT,2105853,New,"Vacaville, CA",,5,24 ft 9 in,133995,N/A
2022 FOREST RIVER FORESTER MBS 2401B,1969328,New,"Tyler, TX",,4,25 ft 5 in,134998,N/A
2023 THOR SANCTUARY 19L,2170444,New,"Manassas, VA",,2,19 ft 8 in,137395,N/A
2023 THOR SANCTUARY 19L,2170458,New,"Greenwood, IN",,2,19 ft 8 in,137395,N/A
2023 THOR SANCTUARY 19P,2159904,New,"Pasco, WA",,1,19 ft 8 in,138995,N/A
2023 THOR SANCTUARY 19P,2213579,New,"Syracuse, NY",,1,19 ft 8 in,140695,N/A
2023 THOR TRANQUILITY 19L,2159666,New,"Akron, OH",,2,19 ft 8 in,141195,N/A
2023 THOR TRANQUILITY 19P,2159669,New,"Katy, TX",,1,19 ft 8 in,141195,N/A
2023 THOR SANCTUARY 19P 4X2,2170452,New,"Greenwood, IN",,1,19 ft 8 in,124995,N/A
2023 THOR SANCTUARY 19P 4X2,2170454,New,"Greenwood, IN",,1,19 ft 8 in,124995,N/A
2023 THOR SANCTUARY 19P 4X2,2170455,New,"Idaho Falls, ID",,1,19 ft 8 in,124995,N/A
2023 THOR FOUR WINDS 24LT,2150483,New,"Apollo, PA",,5,25 ft 1 in,124795,N/A
2023 THOR FOUR WINDS 24LT,2150485,New,"Columbia, MO",,5,25 ft 1 in,124795,N/A
2023 THOR FOUR WINDS 24LT,2150487,New,"Council Bluffs, IA",,5,25 ft 1 in,124795,N/A
2023 THOR FOUR WINDS 24LT,2150501,New,"McGeorge RV - A Camping World Company - Ashland, VA",,5,25 ft 1 in,124795,N/A
2023 THOR FOUR WINDS 24LT,2150503,New,"Vacaville, CA",,5,25 ft 1 in,124795,N/A
2022 FOREST RIVER SUNSEEKER MBS 2400B,1862365,New,"Olive Branch, MS",,4,25 ft 5 in,127995,N/A
2023 THOR FOUR WINDS 24LT,2150488,New,"Camping World of Oklahoma City East - Oklahoma City, OK",,5,25 ft 1 in,127795,N/A
2023 THOR SANCTUARY 19P,2156131,New,"Longmont, CO",,1,19 ft 8 in,135494,N/A
2023 FOREST RIVER FORESTER MBS 2401B,1862315,New,"Wauconda, IL",,4,25 ft 5 in,133999,N/A
2022 THOR TIBURON 24TT,2105853,New,"Vacaville, CA",,5,24 ft 9 in,133995,N/A
2022 FOREST RIVER FORESTER MBS 2401B,1969328,New,"Tyler, TX",,4,25 ft 5 in,134998,N/A
2023 THOR SANCTUARY 19L,2170444,New,"Manassas, VA",,2,19 ft 8 in,137395,N/A
2023 THOR SANCTUARY 19L,2170458,New,"Greenwood, IN",,2,19 ft 8 in,137395,N/A
2023 THOR SANCTUARY 19P,2159904,New,"Pasco, WA",,1,19 ft 8 in,138995,N/A
2023 THOR SANCTUARY 19P,2213579,New,"Syracuse, NY",,1,19 ft 8 in,140695,N/A
2023 THOR TRANQUILITY 19L,2159666,New,"Akron, OH",,2,19 ft 8 in,141195,N/A
2023 THOR TRANQUILITY 19P,2159669,New,"Katy, TX",,1,19 ft 8 in,141195,N/A
2023 THOR SANCTUARY 19P 4X2,2170452,New,"Greenwood, IN",,1,19 ft 8 in,124995,N/A
2023 THOR SANCTUARY 19P 4X2,2170454,New,"Greenwood, IN",,1,19 ft 8 in,124995,N/A
2023 THOR SANCTUARY 19P 4X2,2170455,New,"Idaho Falls, ID",,1,19 ft 8 in,124995,N/A
2023 THOR FOUR WINDS 24LT,2150483,New,"Apollo, PA",,5,25 ft 1 in,124795,N/A
2023 THOR FOUR WINDS 24LT,2150485,New,"Columbia, MO",,5,25 ft 1 in,124795,N/A
2023 THOR FOUR WINDS 24LT,2150487,New,"Council Bluffs, IA",,5,25 ft 1 in,124795,N/A
2023 THOR FOUR WINDS 24LT,2150501,New,"McGeorge RV - A Camping World Company - Ashland, VA",,5,25 ft 1 in,124795,N/A
2023 THOR FOUR WINDS 24LT,2150503,New,"Vacaville, CA",,5,25 ft 1 in,124795,N/A
2022 FOREST RIVER SUNSEEKER MBS 2400B,1862365,New,"Olive Branch, MS",,4,25 ft 5 in,127995,N/A
2023 THOR FOUR WINDS 24LT,2150488,New,"Camping World of Oklahoma City East - Oklahoma City, OK",,5,25 ft 1 in,127795,N/A
2023 THOR SANCTUARY 19P,2156131,New,"Longmont, CO",,1,19 ft 8 in,135494,N/A
2023 FOREST RIVER FORESTER MBS 2401B,1862315,New,"Wauconda, IL",,4,25 ft 5 in,133999,N/A
2022 THOR TIBURON 24TT,2105853,New,"Vacaville, CA",,5,24 ft 9 in,133995,N/A
2022 FOREST RIVER FORESTER MBS 2401B,1969328,New,"Tyler, TX",,4,25 ft 5 in,134998,N/A
2023 THOR SANCTUARY 19L,2170444,New,"Manassas, VA",,2,19 ft 8 in,137395,N/A
2023 THOR SANCTUARY 19L,2170458,New,"Greenwood, IN",,2,19 ft 8 in,137395,N/A
2023 THOR SANCTUARY 19P,2159904,New,"Pasco, WA",,1,19 ft 8 in,138995,N/A
2023 THOR SANCTUARY 19P,2213579,New,"Syracuse, NY",,1,19 ft 8 in,140695,N/A
2023 THOR TRANQUILITY 19L,2159666,New,"Akron, OH",,2,19 ft 8 in,141195,N/A
2023 THOR TRANQUILITY 19P,2159669,New,"Katy, TX",,1,19 ft 8 in,141195,N/A
2023 THOR SANCTUARY 19P 4X2,2170452,New,"Greenwood, IN",,1,19 ft 8 in,124995,N/A
2023 THOR SANCTUARY 19P 4X2,2170454,New,"Greenwood, IN",,1,19 ft 8 in,124995,N/A
2023 THOR SANCTUARY 19P 4X2,2170455,New,"Idaho Falls, ID",,1,19 ft 8 in,124995,N/A
2023 THOR FOUR WINDS 24LT,2150483,New,"Apollo, PA",,5,25 ft 1 in,124795,N/A
2023 THOR FOUR WINDS 24LT,2150485,New,"Columbia, MO",,5,25 ft 1 in,124795,N/A
2023 THOR FOUR WINDS 24LT,2150487,New,"Council Bluffs, IA",,5,25 ft 1 in,124795,N/A
2023 THOR FOUR WINDS 24LT,2150501,New,"McGeorge RV - A Camping World Company - Ashland, VA",,5,25 ft 1 in,124795,N/A
2023 THOR FOUR WINDS 24LT,2150503,New,"Vacaville, CA",,5,25 ft 1 in,124795,N/A
2022 FOREST RIVER SUNSEEKER MBS 2400B,1862365,New,"Olive Branch, MS",,4,25 ft 5 in,127995,N/A
2023 THOR FOUR WINDS 24LT,2150488,New,"Camping World of Oklahoma City East - Oklahoma City, OK",,5,25 ft 1 in,127795,N/A
2023 THOR SANCTUARY 19P,2156131,New,"Longmont, CO",,1,19 ft 8 in,135494,N/A
2023 FOREST RIVER FORESTER MBS 2401B,1862315,New,"Wauconda, IL",,4,25 ft 5 in,133999,N/A
2022 THOR TIBURON 24TT,2105853,New,"Vacaville, CA",,5,24 ft 9 in,133995,N/A
2022 FOREST RIVER FORESTER MBS 2401B,1969328,New,"Tyler, TX",,4,25 ft 5 in,134998,N/A
2023 THOR SANCTUARY 19L,2170444,New,"Manassas, VA",,2,19 ft 8 in,137395,N/A
2023 THOR SANCTUARY 19L,2170458,New,"Greenwood, IN",,2,19 ft 8 in,137395,N/A
2023 THOR SANCTUARY 19P,2159904,New,"Pasco, WA",,1,19 ft 8 in,138995,N/A
2023 THOR SANCTUARY 19P,2213579,New,"Syracuse, NY",,1,19 ft 8 in,140695,N/A
2023 THOR TRANQUILITY 19L,2159666,New,"Akron, OH",,2,19 ft 8 in,141195,N/A
2023 THOR TRANQUILITY 19P,2159669,New,"Katy, TX",,1,19 ft 8 in,141195,N/A
2023 THOR SANCTUARY 19P 4X2,2170452,New,"Greenwood, IN",,1,19 ft 8 in,124995,N/A
2023 THOR SANCTUARY 19P 4X2,2170454,New,"Greenwood, IN",,1,19 ft 8 in,124995,N/A
2023 THOR SANCTUARY 19P 4X2,2170455,New,"Idaho Falls, ID",,1,19 ft 8 in,124995,N/A
2023 THOR FOUR WINDS 24LT,2150483,New,"Apollo, PA",,5,25 ft 1 in,124795,N/A
2023 THOR FOUR WINDS 24LT,2150485,New,"Columbia, MO",,5,25 ft 1 in,124795,N/A
2023 THOR FOUR WINDS 24LT,2150487,New,"Council Bluffs, IA",,5,25 ft 1 in,124795,N/A
2023 THOR FOUR WINDS 24LT,2150501,New,"McGeorge RV - A Camping World Company - Ashland, VA",,5,25 ft 1 in,124795,N/A
2023 THOR FOUR WINDS 24LT,2150503,New,"Vacaville, CA",,5,25 ft 1 in,124795,N/A
2022 FOREST RIVER SUNSEEKER MBS 2400B,1862365,New,"Olive Branch, MS",,4,25 ft 5 in,127995,N/A
2023 THOR FOUR WINDS 24LT,2150488,New,"Camping World of Oklahoma City East - Oklahoma City, OK",,5,25 ft 1 in,127795,N/A
2023 THOR SANCTUARY 19P,2156131,New,"Longmont, CO",,1,19 ft 8 in,135494,N/A
2023 FOREST RIVER FORESTER MBS 2401B,1862315,New,"Wauconda, IL",,4,25 ft 5 in,133999,N/A
2022 THOR TIBURON 24TT,2105853,New,"Vacaville, CA",,5,24 ft 9 in,133995,N/A
2022 FOREST RIVER FORESTER MBS 2401B,1969328,New,"Tyler, TX",,4,25 ft 5 in,134998,N/A
2023 THOR SANCTUARY 19L,2170444,New,"Manassas, VA",,2,19 ft 8 in,137395,N/A
2023 THOR SANCTUARY 19L,2170458,New,"Greenwood, IN",,2,19 ft 8 in,137395,N/A
2023 THOR SANCTUARY 19P,2159904,New,"Pasco, WA",,1,19 ft 8 in,138995,N/A
2023 THOR SANCTUARY 19P,2213579,New,"Syracuse, NY",,1,19 ft 8 in,140695,N/A
2023 THOR TRANQUILITY 19L,2159666,New,"Akron, OH",,2,19 ft 8 in,141195,N/A
2023 THOR TRANQUILITY 19P,2159669,New,"Katy, TX",,1,19 ft 8 in,141195,N/A
2023 THOR SANCTUARY 19P 4X2,2170452,New,"Greenwood, IN",,1,19 ft 8 in,124995,N/A
2023 THOR SANCTUARY 19P 4X2,2170454,New,"Greenwood, IN",,1,19 ft 8 in,124995,N/A
2023 THOR SANCTUARY 19P 4X2,2170455,New,"Idaho Falls, ID",,1,19 ft 8 in,124995,N/A
2023 THOR FOUR WINDS 24LT,2150483,New,"Apollo, PA",,5,25 ft 1 in,124795,N/A
2023 THOR FOUR WINDS 24LT,2150485,New,"Columbia, MO",,5,25 ft 1 in,124795,N/A
2023 THOR FOUR WINDS 24LT,2150487,New,"Council Bluffs, IA",,5,25 ft 1 in,124795,N/A
2023 THOR FOUR WINDS 24LT,2150501,New,"McGeorge RV - A Camping World Company - Ashland, VA",,5,25 ft 1 in,124795,N/A
2023 THOR FOUR WINDS 24LT,2150503,New,"Vacaville, CA",,5,25 ft 1 in,124795,N/A
2022 FOREST RIVER SUNSEEKER MBS 2400B,1862365,New,"Olive Branch, MS",,4,25 ft 5 in,127995,N/A
2023 THOR FOUR WINDS 24LT,2150488,New,"Camping World of Oklahoma City East - Oklahoma City, OK",,5,25 ft 1 in,127795,N/A
2023 THOR SANCTUARY 19P,2156131,New,"Longmont, CO",,1,19 ft 8 in,135494,N/A
2023 FOREST RIVER FORESTER MBS 2401B,1862315,New,"Wauconda, IL",,4,25 ft 5 in,133999,N/A
2022 THOR TIBURON 24TT,2105853,New,"Vacaville, CA",,5,24 ft 9 in,133995,N/A
2022 FOREST RIVER FORESTER MBS 2401B,1969328,New,"Tyler, TX",,4,25 ft 5 in,134998,N/A
2023 THOR SANCTUARY 19L,2170444,New,"Manassas, VA",,2,19 ft 8 in,137395,N/A
2023 THOR SANCTUARY 19L,2170458,New,"Greenwood, IN",,2,19 ft 8 in,137395,N/A
2023 THOR SANCTUARY 19P,2159904,New,"Pasco, WA",,1,19 ft 8 in,138995,N/A
2023 THOR SANCTUARY 19P,2213579,New,"Syracuse, NY",,1,19 ft 8 in,140695,N/A
2023 THOR TRANQUILITY 19L,2159666,New,"Akron, OH",,2,19 ft 8 in,141195,N/A
2023 THOR TRANQUILITY 19P,2159669,New,"Katy, TX",,1,19 ft 8 in,141195,N/A
2023 THOR SANCTUARY 19P 4X2,2170452,New,"Greenwood, IN",,1,19 ft 8 in,124995,N/A
2023 THOR SANCTUARY 19P 4X2,2170454,New,"Greenwood, IN",,1,19 ft 8 in,124995,N/A
2023 THOR SANCTUARY 19P 4X2,2170455,New,"Idaho Falls, ID",,1,19 ft 8 in,124995,N/A
2023 THOR FOUR WINDS 24LT,2150483,New,"Apollo, PA",,5,25 ft 1 in,124795,N/A
2023 THOR FOUR WINDS 24LT,2150485,New,"Columbia, MO",,5,25 ft 1 in,124795,N/A
2023 THOR FOUR WINDS 24LT,2150487,New,"Council Bluffs, IA",,5,25 ft 1 in,124795,N/A
2023 THOR FOUR WINDS 24LT,2150501,New,"McGeorge RV - A Camping World Company - Ashland, VA",,5,25 ft 1 in,124795,N/A
2023 THOR FOUR WINDS 24LT,2150503,New,"Vacaville, CA",,5,25 ft 1 in,124795,N/A
2022 FOREST RIVER SUNSEEKER MBS 2400B,1862365,New,"Olive Branch, MS",,4,25 ft 5 in,127995,N/A
2023 THOR FOUR WINDS 24LT,2150488,New,"Camping World of Oklahoma City East - Oklahoma City, OK",,5,25 ft 1 in,127795,N/A
2023 THOR SANCTUARY 19P,2156131,New,"Longmont, CO",,1,19 ft 8 in,135494,N/A
2023 FOREST RIVER FORESTER MBS 2401B,1862315,New,"Wauconda, IL",,4,25 ft 5 in,133999,N/A
2022 THOR TIBURON 24TT,2105853,New,"Vacaville, CA",,5,24 ft 9 in,133995,N/A
2022 FOREST RIVER FORESTER MBS 2401B,1969328,New,"Tyler, TX",,4,25 ft 5 in,134998,N/A
2023 THOR SANCTUARY 19L,2170444,New,"Manassas, VA",,2,19 ft 8 in,137395,N/A
2023 THOR SANCTUARY 19L,2170458,New,"Greenwood, IN",,2,19 ft 8 in,137395,N/A
2023 THOR SANCTUARY 19P,2159904,New,"Pasco, WA",,1,19 ft 8 in,138995,N/A
2023 THOR SANCTUARY 19P,2213579,New,"Syracuse, NY",,1,19 ft 8 in,140695,N/A
2023 THOR TRANQUILITY 19L,2159666,New,"Akron, OH",,2,19 ft 8 in,141195,N/A
2023 THOR TRANQUILITY 19P,2159669,New,"Katy, TX",,1,19 ft 8 in,141195,N/A
2023 THOR SANCTUARY 19P 4X2,2170452,New,"Greenwood, IN",,1,19 ft 8 in,124995,N/A
2023 THOR SANCTUARY 19P 4X2,2170454,New,"Greenwood, IN",,1,19 ft 8 in,124995,N/A
2023 THOR SANCTUARY 19P 4X2,2170455,New,"Idaho Falls, ID",,1,19 ft 8 in,124995,N/A
2023 THOR FOUR WINDS 24LT,2150483,New,"Apollo, PA",,5,25 ft 1 in,124795,N/A
2023 THOR FOUR WINDS 24LT,2150485,New,"Columbia, MO",,5,25 ft 1 in,124795,N/A
2023 THOR FOUR WINDS 24LT,2150487,New,"Council Bluffs, IA",,5,25 ft 1 in,124795,N/A
2023 THOR FOUR WINDS 24LT,2150501,New,"McGeorge RV - A Camping World Company - Ashland, VA",,5,25 ft 1 in,124795,N/A
2023 THOR FOUR WINDS 24LT,2150503,New,"Vacaville, CA",,5,25 ft 1 in,124795,N/A
2022 FOREST RIVER SUNSEEKER MBS 2400B,1862365,New,"Olive Branch, MS",,4,25 ft 5 in,127995,N/A
2023 THOR FOUR WINDS 24LT,2150488,New,"Camping World of Oklahoma City East - Oklahoma City, OK",,5,25 ft 1 in,127795,N/A
2023 THOR SANCTUARY 19P,2156131,New,"Longmont, CO",,1,19 ft 8 in,135494,N/A
2023 FOREST RIVER FORESTER MBS 2401B,1862315,New,"Wauconda, IL",,4,25 ft 5 in,133999,N/A
2022 THOR TIBURON 24TT,2105853,New,"Vacaville, CA",,5,24 ft 9 in,133995,N/A
2022 FOREST RIVER FORESTER MBS 2401B,1969328,New,"Tyler, TX",,4,25 ft 5 in,134998,N/A
2023 THOR SANCTUARY 19L,2170444,New,"Manassas, VA",,2,19 ft 8 in,137395,N/A
2023 THOR SANCTUARY 19L,2170458,New,"Greenwood, IN",,2,19 ft 8 in,137395,N/A
2023 THOR SANCTUARY 19P,2159904,New,"Pasco, WA",,1,19 ft 8 in,138995,N/A
2023 THOR SANCTUARY 19P,2213579,New,"Syracuse, NY",,1,19 ft 8 in,140695,N/A
2023 THOR TRANQUILITY 19L,2159666,New,"Akron, OH",,2,19 ft 8 in,141195,N/A
2023 THOR TRANQUILITY 19P,2159669,New,"Katy, TX",,1,19 ft 8 in,141195,N/A
2023 THOR SANCTUARY 19P 4X2,2170452,New,"Greenwood, IN",,1,19 ft 8 in,124995,N/A
2023 THOR SANCTUARY 19P 4X2,2170454,New,"Greenwood, IN",,1,19 ft 8 in,124995,N/A
2023 THOR SANCTUARY 19P 4X2,2170455,New,"Idaho Falls, ID",,1,19 ft 8 in,124995,N/A
2023 THOR FOUR WINDS 24LT,2150483,New,"Apollo, PA",,5,25 ft 1 in,124795,N/A
2023 THOR FOUR WINDS 24LT,2150485,New,"Columbia, MO",,5,25 ft 1 in,124795,N/A
2023 THOR FOUR WINDS 24LT,2150487,New,"Council Bluffs, IA",,5,25 ft 1 in,124795,N/A
2023 THOR FOUR WINDS 24LT,2150501,New,"McGeorge RV - A Camping World Company - Ashland, VA",,5,25 ft 1 in,124795,N/A
2023 THOR FOUR WINDS 24LT,2150503,New,"Vacaville, CA",,5,25 ft 1 in,124795,N/A
2022 FOREST RIVER SUNSEEKER MBS 2400B,1862365,New,"Olive Branch, MS",,4,25 ft 5 in,127995,N/A
2023 THOR FOUR WINDS 24LT,2150488,New,"Camping World of Oklahoma City East - Oklahoma City, OK",,5,25 ft 1 in,127795,N/A
2023 THOR SANCTUARY 19P,2156131,New,"Longmont, CO",,1,19 ft 8 in,135494,N/A
2023 FOREST RIVER FORESTER MBS 2401B,1862315,New,"Wauconda, IL",,4,25 ft 5 in,133999,N/A
2022 THOR TIBURON 24TT,2105853,New,"Vacaville, CA",,5,24 ft 9 in,133995,N/A
2022 FOREST RIVER FORESTER MBS 2401B,1969328,New,"Tyler, TX",,4,25 ft 5 in,134998,N/A
2023 THOR SANCTUARY 19L,2170444,New,"Manassas, VA",,2,19 ft 8 in,137395,N/A
2023 THOR SANCTUARY 19L,2170458,New,"Greenwood, IN",,2,19 ft 8 in,137395,N/A
2023 THOR SANCTUARY 19P,2159904,New,"Pasco, WA",,1,19 ft 8 in,138995,N/A
2023 THOR SANCTUARY 19P,2213579,New,"Syracuse, NY",,1,19 ft 8 in,140695,N/A
2023 THOR TRANQUILITY 19L,2159666,New,"Akron, OH",,2,19 ft 8 in,141195,N/A
2023 THOR TRANQUILITY 19P,2159669,New,"Katy, TX",,1,19 ft 8 in,141195,N/A
2023 THOR SANCTUARY 19P 4X2,2170452,New,"Greenwood, IN",,1,19 ft 8 in,124995,N/A
2023 THOR SANCTUARY 19P 4X2,2170454,New,"Greenwood, IN",,1,19 ft 8 in,124995,N/A
2023 THOR SANCTUARY 19P 4X2,2170455,New,"Idaho Falls, ID",,1,19 ft 8 in,124995,N/A
2023 THOR FOUR WINDS 24LT,2150483,New,"Apollo, PA",,5,25 ft 1 in,124795,N/A
2023 THOR FOUR WINDS 24LT,2150485,New,"Columbia, MO",,5,25 ft 1 in,124795,N/A
2023 THOR FOUR WINDS 24LT,2150487,New,"Council Bluffs, IA",,5,25 ft 1 in,124795,N/A
2023 THOR FOUR WINDS 24LT,2150501,New,"McGeorge RV - A Camping World Company - Ashland, VA",,5,25 ft 1 in,124795,N/A
2023 THOR FOUR WINDS 24LT,2150503,New,"Vacaville, CA",,5,25 ft 1 in,124795,N/A
2022 FOREST RIVER SUNSEEKER MBS 2400B,1862365,New,"Olive Branch, MS",,4,25 ft 5 in,127995,N/A
2023 THOR FOUR WINDS 24LT,2150488,New,"Camping World of Oklahoma City East - Oklahoma City, OK",,5,25 ft 1 in,127795,N/A
2023 THOR SANCTUARY 19P,2156131,New,"Longmont, CO",,1,19 ft 8 in,135494,N/A
2023 FOREST RIVER FORESTER MBS 2401B,1862315,New,"Wauconda, IL",,4,25 ft 5 in,133999,N/A
2022 THOR TIBURON 24TT,2105853,New,"Vacaville, CA",,5,24 ft 9 in,133995,N/A
2022 FOREST RIVER FORESTER MBS 2401B,1969328,New,"Tyler, TX",,4,25 ft 5 in,134998,N/A
2023 THOR SANCTUARY 19L,2170444,New,"Manassas, VA",,2,19 ft 8 in,137395,N/A
2023 THOR SANCTUARY 19L,2170458,New,"Greenwood, IN",,2,19 ft 8 in,137395,N/A
2023 THOR SANCTUARY 19P,2159904,New,"Pasco, WA",,1,19 ft 8 in,138995,N/A
2023 THOR SANCTUARY 19P,2213579,New,"Syracuse, NY",,1,19 ft 8 in,140695,N/A
2023 THOR TRANQUILITY 19L,2159666,New,"Akron, OH",,2,19 ft 8 in,141195,N/A
2023 THOR TRANQUILITY 19P,2159669,New,"Katy, TX",,1,19 ft 8 in,141195,N/A
2023 THOR SANCTUARY 19P 4X2,2170452,New,"Greenwood, IN",,1,19 ft 8 in,124995,N/A
2023 THOR SANCTUARY 19P 4X2,2170454,New,"Greenwood, IN",,1,19 ft 8 in,124995,N/A
2023 THOR SANCTUARY 19P 4X2,2170455,New,"Idaho Falls, ID",,1,19 ft 8 in,124995,N/A
2023 THOR FOUR WINDS 24LT,2150483,New,"Apollo, PA",,5,25 ft 1 in,124795,N/A
2023 THOR FOUR WINDS 24LT,2150485,New,"Columbia, MO",,5,25 ft 1 in,124795,N/A
2023 THOR FOUR WINDS 24LT,2150487,New,"Council Bluffs, IA",,5,25 ft 1 in,124795,N/A
2023 THOR FOUR WINDS 24LT,2150501,New,"McGeorge RV - A Camping World Company - Ashland, VA",,5,25 ft 1 in,124795,N/A
2023 THOR FOUR WINDS 24LT,2150503,New,"Vacaville, CA",,5,25 ft 1 in,124795,N/A
2022 FOREST RIVER SUNSEEKER MBS 2400B,1862365,New,"Olive Branch, MS",,4,25 ft 5 in,127995,N/A
2023 THOR FOUR WINDS 24LT,2150488,New,"Camping World of Oklahoma City East - Oklahoma City, OK",,5,25 ft 1 in,127795,N/A
2023 THOR SANCTUARY 19P,2156131,New,"Longmont, CO",,1,19 ft 8 in,135494,N/A
2023 FOREST RIVER FORESTER MBS 2401B,1862315,New,"Wauconda, IL",,4,25 ft 5 in,133999,N/A
2022 THOR TIBURON 24TT,2105853,New,"Vacaville, CA",,5,24 ft 9 in,133995,N/A
2022 FOREST RIVER FORESTER MBS 2401B,1969328,New,"Tyler, TX",,4,25 ft 5 in,134998,N/A
2023 THOR SANCTUARY 19L,2170444,New,"Manassas, VA",,2,19 ft 8 in,137395,N/A
2023 THOR SANCTUARY 19L,2170458,New,"Greenwood, IN",,2,19 ft 8 in,137395,N/A
2023 THOR SANCTUARY 19P,2159904,New,"Pasco, WA",,1,19 ft 8 in,138995,N/A
2023 THOR SANCTUARY 19P,2213579,New,"Syracuse, NY",,1,19 ft 8 in,140695,N/A
2023 THOR TRANQUILITY 19L,2159666,New,"Akron, OH",,2,19 ft 8 in,141195,N/A
2023 THOR TRANQUILITY 19P,2159669,New,"Katy, TX",,1,19 ft 8 in,141195,N/A
2023 THOR SANCTUARY 19P 4X2,2170452,New,"Greenwood, IN",,1,19 ft 8 in,124995,N/A
2023 THOR SANCTUARY 19P 4X2,2170454,New,"Greenwood, IN",,1,19 ft 8 in,124995,N/A
2023 THOR SANCTUARY 19P 4X2,2170455,New,"Idaho Falls, ID",,1,19 ft 8 in,124995,N/A
2023 THOR FOUR WINDS 24LT,2150483,New,"Apollo, PA",,5,25 ft 1 in,124795,N/A
2023 THOR FOUR WINDS 24LT,2150485,New,"Columbia, MO",,5,25 ft 1 in,124795,N/A
2023 THOR FOUR WINDS 24LT,2150487,New,"Council Bluffs, IA",,5,25 ft 1 in,124795,N/A
2023 THOR FOUR WINDS 24LT,2150501,New,"McGeorge RV - A Camping World Company - Ashland, VA",,5,25 ft 1 in,124795,N/A
2023 THOR FOUR WINDS 24LT,2150503,New,"Vacaville, CA",,5,25 ft 1 in,124795,N/A
2022 FOREST RIVER SUNSEEKER MBS 2400B,1862365,New,"Olive Branch, MS",,4,25 ft 5 in,127995,N/A
2023 THOR FOUR WINDS 24LT,2150488,New,"Camping World of Oklahoma City East - Oklahoma City, OK",,5,25 ft 1 in,127795,N/A
2023 THOR SANCTUARY 19P,2156131,New,"Longmont, CO",,1,19 ft 8 in,135494,N/A
2023 FOREST RIVER FORESTER MBS 2401B,1862315,New,"Wauconda, IL",,4,25 ft 5 in,133999,N/A
2022 THOR TIBURON 24TT,2105853,New,"Vacaville, CA",,5,24 ft 9 in,133995,N/A
2022 FOREST RIVER FORESTER MBS 2401B,1969328,New,"Tyler, TX",,4,25 ft 5 in,134998,N/A
2023 THOR SANCTUARY 19L,2170444,New,"Manassas, VA",,2,19 ft 8 in,137395,N/A
2023 THOR SANCTUARY 19L,2170458,New,"Greenwood, IN",,2,19 ft 8 in,137395,N/A
2023 THOR SANCTUARY 19P,2159904,New,"Pasco, WA",,1,19 ft 8 in,138995,N/A
2023 THOR SANCTUARY 19P,2213579,New,"Syracuse, NY",,1,19 ft 8 in,140695,N/A
2023 THOR TRANQUILITY 19L,2159666,New,"Akron, OH",,2,19 ft 8 in,141195,N/A
2023 THOR TRANQUILITY 19P,2159669,New,"Katy, TX",,1,19 ft 8 in,141195,N/A
2023 THOR SANCTUARY 19P 4X2,2170452,New,"Greenwood, IN",,1,19 ft 8 in,124995,N/A
2023 THOR SANCTUARY 19P 4X2,2170454,New,"Greenwood, IN",,1,19 ft 8 in,124995,N/A
2023 THOR SANCTUARY 19P 4X2,2170455,New,"Idaho Falls, ID",,1,19 ft 8 in,124995,N/A
2023 THOR FOUR WINDS 24LT,2150483,New,"Apollo, PA",,5,25 ft 1 in,124795,N/A
2023 THOR FOUR WINDS 24LT,2150485,New,"Columbia, MO",,5,25 ft 1 in,124795,N/A
2023 THOR FOUR WINDS 24LT,2150487,New,"Council Bluffs, IA",,5,25 ft 1 in,124795,N/A
2023 THOR FOUR WINDS 24LT,2150501,New,"McGeorge RV - A Camping World Company - Ashland, VA",,5,25 ft 1 in,124795,N/A
2023 THOR FOUR WINDS 24LT,2150503,New,"Vacaville, CA",,5,25 ft 1 in,124795,N/A
2022 FOREST RIVER SUNSEEKER MBS 2400B,1862365,New,"Olive Branch, MS",,4,25 ft 5 in,127995,N/A
2023 THOR FOUR WINDS 24LT,2150488,New,"Camping World of Oklahoma City East - Oklahoma City, OK",,5,25 ft 1 in,127795,N/A
2023 THOR SANCTUARY 19P,2156131,New,"Longmont, CO",,1,19 ft 8 in,135494,N/A
2023 FOREST RIVER FORESTER MBS 2401B,1862315,New,"Wauconda, IL",,4,25 ft 5 in,133999,N/A
2022 THOR TIBURON 24TT,2105853,New,"Vacaville, CA",,5,24 ft 9 in,133995,N/A
2022 FOREST RIVER FORESTER MBS 2401B,1969328,New,"Tyler, TX",,4,25 ft 5 in,134998,N/A
2023 THOR SANCTUARY 19L,2170444,New,"Manassas, VA",,2,19 ft 8 in,137395,N/A
2023 THOR SANCTUARY 19L,2170458,New,"Greenwood, IN",,2,19 ft 8 in,137395,N/A
2023 THOR SANCTUARY 19P,2159904,New,"Pasco, WA",,1,19 ft 8 in,138995,N/A
2023 THOR SANCTUARY 19P,2213579,New,"Syracuse, NY",,1,19 ft 8 in,140695,N/A
2023 THOR TRANQUILITY 19L,2159666,New,"Akron, OH",,2,19 ft 8 in,141195,N/A
2023 THOR TRANQUILITY 19P,2159669,New,"Katy, TX",,1,19 ft 8 in,141195,N/A
2023 THOR SANCTUARY 19P 4X2,2170452,New,"Greenwood, IN",,1,19 ft 8 in,124995,N/A
2023 THOR SANCTUARY 19P 4X2,2170454,New,"Greenwood, IN",,1,19 ft 8 in,124995,N/A
2023 THOR SANCTUARY 19P 4X2,2170455,New,"Idaho Falls, ID",,1,19 ft 8 in,124995,N/A
2023 THOR FOUR WINDS 24LT,2150483,New,"Apollo, PA",,5,25 ft 1 in,124795,N/A
2023 THOR FOUR WINDS 24LT,2150485,New,"Columbia, MO",,5,25 ft 1 in,124795,N/A
2023 THOR FOUR WINDS 24LT,2150487,New,"Council Bluffs, IA",,5,25 ft 1 in,124795,N/A
2023 THOR FOUR WINDS 24LT,2150501,New,"McGeorge RV - A Camping World Company - Ashland, VA",,5,25 ft 1 in,124795,N/A
2023 THOR FOUR WINDS 24LT,2150503,New,"Vacaville, CA",,5,25 ft 1 in,124795,N/A
2022 FOREST RIVER SUNSEEKER MBS 2400B,1862365,New,"Olive Branch, MS",,4,25 ft 5 in,127995,N/A
2023 THOR FOUR WINDS 24LT,2150488,New,"Camping World of Oklahoma City East - Oklahoma City, OK",,5,25 ft 1 in,127795,N/A
2023 THOR SANCTUARY 19P,2156131,New,"Longmont, CO",,1,19 ft 8 in,135494,N/A
2023 FOREST RIVER FORESTER MBS 2401B,1862315,New,"Wauconda, IL",,4,25 ft 5 in,133999,N/A
2022 THOR TIBURON 24TT,2105853,New,"Vacaville, CA",,5,24 ft 9 in,133995,N/A
2022 FOREST RIVER FORESTER MBS 2401B,1969328,New,"Tyler, TX",,4,25 ft 5 in,134998,N/A
2023 THOR SANCTUARY 19L,2170444,New,"Manassas, VA",,2,19 ft 8 in,137395,N/A
2023 THOR SANCTUARY 19L,2170458,New,"Greenwood, IN",,2,19 ft 8 in,137395,N/A
2023 THOR SANCTUARY 19P,2159904,New,"Pasco, WA",,1,19 ft 8 in,138995,N/A
2023 THOR SANCTUARY 19P,2213579,New,"Syracuse, NY",,1,19 ft 8 in,140695,N/A
2023 THOR TRANQUILITY 19L,2159666,New,"Akron, OH",,2,19 ft 8 in,141195,N/A
2023 THOR TRANQUILITY 19P,2159669,New,"Katy, TX",,1,19 ft 8 in,141195,N/A
2023 THOR SANCTUARY 19P 4X2,2170452,New,"Greenwood, IN",,1,19 ft 8 in,124995,N/A
2023 THOR SANCTUARY 19P 4X2,2170454,New,"Greenwood, IN",,1,19 ft 8 in,124995,N/A
2023 THOR SANCTUARY 19P 4X2,2170455,New,"Idaho Falls, ID",,1,19 ft 8 in,124995,N/A
2023 THOR FOUR WINDS 24LT,2150483,New,"Apollo, PA",,5,25 ft 1 in,124795,N/A
2023 THOR FOUR WINDS 24LT,2150485,New,"Columbia, MO",,5,25 ft 1 in,124795,N/A
2023 THOR FOUR WINDS 24LT,2150487,New,"Council Bluffs, IA",,5,25 ft 1 in,124795,N/A
2023 THOR FOUR WINDS 24LT,2150501,New,"McGeorge RV - A Camping World Company - Ashland, VA",,5,25 ft 1 in,124795,N/A
2023 THOR FOUR WINDS 24LT,2150503,New,"Vacaville, CA",,5,25 ft 1 in,124795,N/A
2022 FOREST RIVER SUNSEEKER MBS 2400B,1862365,New,"Olive Branch, MS",,4,25 ft 5 in,127995,N/A
2023 THOR FOUR WINDS 24LT,2150488,New,"Camping World of Oklahoma City East - Oklahoma City, OK",,5,25 ft 1 in,127795,N/A
2023 THOR SANCTUARY 19P,2156131,New,"Longmont, CO",,1,19 ft 8 in,135494,N/A
2023 FOREST RIVER FORESTER MBS 2401B,1862315,New,"Wauconda, IL",,4,25 ft 5 in,133999,N/A
2022 THOR TIBURON 24TT,2105853,New,"Vacaville, CA",,5,24 ft 9 in,133995,N/A
2022 FOREST RIVER FORESTER MBS 2401B,1969328,New,"Tyler, TX",,4,25 ft 5 in,134998,N/A
2023 THOR SANCTUARY 19L,2170444,New,"Manassas, VA",,2,19 ft 8 in,137395,N/A
2023 THOR SANCTUARY 19L,2170458,New,"Greenwood, IN",,2,19 ft 8 in,137395,N/A
2023 THOR SANCTUARY 19P,2159904,New,"Pasco, WA",,1,19 ft 8 in,138995,N/A
2023 THOR SANCTUARY 19P,2213579,New,"Syracuse, NY",,1,19 ft 8 in,140695,N/A
2023 THOR TRANQUILITY 19L,2159666,New,"Akron, OH",,2,19 ft 8 in,141195,N/A
2023 THOR TRANQUILITY 19P,2159669,New,"Katy, TX",,1,19 ft 8 in,141195,N/A
2023 THOR SANCTUARY 19P 4X2,2170452,New,"Greenwood, IN",,1,19 ft 8 in,124995,N/A
2023 THOR SANCTUARY 19P 4X2,2170454,New,"Greenwood, IN",,1,19 ft 8 in,124995,N/A
2023 THOR SANCTUARY 19P 4X2,2170455,New,"Idaho Falls, ID",,1,19 ft 8 in,124995,N/A
2023 THOR FOUR WINDS 24LT,2150483,New,"Apollo, PA",,5,25 ft 1 in,124795,N/A
2023 THOR FOUR WINDS 24LT,2150485,New,"Columbia, MO",,5,25 ft 1 in,124795,N/A
2023 THOR FOUR WINDS 24LT,2150487,New,"Council Bluffs, IA",,5,25 ft 1 in,124795,N/A
2023 THOR FOUR WINDS 24LT,2150501,New,"McGeorge RV - A Camping World Company - Ashland, VA",,5,25 ft 1 in,124795,N/A
2023 THOR FOUR WINDS 24LT,2150503,New,"Vacaville, CA",,5,25 ft 1 in,124795,N/A
2022 FOREST RIVER SUNSEEKER MBS 2400B,1862365,New,"Olive Branch, MS",,4,25 ft 5 in,127995,N/A
2023 THOR FOUR WINDS 24LT,2150488,New,"Camping World of Oklahoma City East - Oklahoma City, OK",,5,25 ft 1 in,127795,N/A
2023 THOR SANCTUARY 19P,2156131,New,"Longmont, CO",,1,19 ft 8 in,135494,N/A
2023 FOREST RIVER FORESTER MBS 2401B,1862315,New,"Wauconda, IL",,4,25 ft 5 in,133999,N/A
2022 THOR TIBURON 24TT,2105853,New,"Vacaville, CA",,5,24 ft 9 in,133995,N/A
2022 FOREST RIVER FORESTER MBS 2401B,1969328,New,"Tyler, TX",,4,25 ft 5 in,134998,N/A
2023 THOR SANCTUARY 19L,2170444,New,"Manassas, VA",,2,19 ft 8 in,137395,N/A
2023 THOR SANCTUARY 19L,2170458,New,"Greenwood, IN",,2,19 ft 8 in,137395,N/A
2023 THOR SANCTUARY 19P,2159904,New,"Pasco, WA",,1,19 ft 8 in,138995,N/A
2023 THOR SANCTUARY 19P,2213579,New,"Syracuse, NY",,1,19 ft 8 in,140695,N/A
2023 THOR TRANQUILITY 19L,2159666,New,"Akron, OH",,2,19 ft 8 in,141195,N/A
2023 THOR TRANQUILITY 19P,2159669,New,"Katy, TX",,1,19 ft 8 in,141195,N/A
2023 THOR SANCTUARY 19P 4X2,2170452,New,"Greenwood, IN",,1,19 ft 8 in,124995,N/A
2023 THOR SANCTUARY 19P 4X2,2170454,New,"Greenwood, IN",,1,19 ft 8 in,124995,N/A
2023 THOR SANCTUARY 19P 4X2,2170455,New,"Idaho Falls, ID",,1,19 ft 8 in,124995,N/A
2023 THOR FOUR WINDS 24LT,2150483,New,"Apollo, PA",,5,25 ft 1 in,124795,N/A
2023 THOR FOUR WINDS 24LT,2150485,New,"Columbia, MO",,5,25 ft 1 in,124795,N/A
2023 THOR FOUR WINDS 24LT,2150487,New,"Council Bluffs, IA",,5,25 ft 1 in,124795,N/A
2023 THOR FOUR WINDS 24LT,2150501,New,"McGeorge RV - A Camping World Company - Ashland, VA",,5,25 ft 1 in,124795,N/A
2023 THOR FOUR WINDS 24LT,2150503,New,"Vacaville, CA",,5,25 ft 1 in,124795,N/A
2022 FOREST RIVER SUNSEEKER MBS 2400B,1862365,New,"Olive Branch, MS",,4,25 ft 5 in,127995,N/A
2023 THOR FOUR WINDS 24LT,2150488,New,"Camping World of Oklahoma City East - Oklahoma City, OK",,5,25 ft 1 in,127795,N/A
2023 THOR SANCTUARY 19P,2156131,New,"Longmont, CO",,1,19 ft 8 in,135494,N/A
2023 FOREST RIVER FORESTER MBS 2401B,1862315,New,"Wauconda, IL",,4,25 ft 5 in,133999,N/A
2022 THOR TIBURON 24TT,2105853,New,"Vacaville, CA",,5,24 ft 9 in,133995,N/A
2022 FOREST RIVER FORESTER MBS 2401B,1969328,New,"Tyler, TX",,4,25 ft 5 in,134998,N/A
2023 THOR SANCTUARY 19L,2170444,New,"Manassas, VA",,2,19 ft 8 in,137395,N/A
2023 THOR SANCTUARY 19L,2170458,New,"Greenwood, IN",,2,19 ft 8 in,137395,N/A
2023 THOR SANCTUARY 19P,2159904,New,"Pasco, WA",,1,19 ft 8 in,138995,N/A
2023 THOR SANCTUARY 19P,2213579,New,"Syracuse, NY",,1,19 ft 8 in,140695,N/A
2023 THOR TRANQUILITY 19L,2159666,New,"Akron, OH",,2,19 ft 8 in,141195,N/A
2023 THOR TRANQUILITY 19P,2159669,New,"Katy, TX",,1,19 ft 8 in,141195,N/A
2023 THOR SANCTUARY 19P 4X2,2170452,New,"Greenwood, IN",,1,19 ft 8 in,124995,N/A
2023 THOR SANCTUARY 19P 4X2,2170454,New,"Greenwood, IN",,1,19 ft 8 in,124995,N/A
2023 THOR SANCTUARY 19P 4X2,2170455,New,"Idaho Falls, ID",,1,19 ft 8 in,124995,N/A
2023 THOR FOUR WINDS 24LT,2150483,New,"Apollo, PA",,5,25 ft 1 in,124795,N/A
2023 THOR FOUR WINDS 24LT,2150485,New,"Columbia, MO",,5,25 ft 1 in,124795,N/A
2023 THOR FOUR WINDS 24LT,2150487,New,"Council Bluffs, IA",,5,25 ft 1 in,124795,N/A
2023 THOR FOUR WINDS 24LT,2150501,New,"McGeorge RV - A Camping World Company - Ashland, VA",,5,25 ft 1 in,124795,N/A
2023 THOR FOUR WINDS 24LT,2150503,New,"Vacaville, CA",,5,25 ft 1 in,124795,N/A
2022 FOREST RIVER SUNSEEKER MBS 2400B,1862365,New,"Olive Branch, MS",,4,25 ft 5 in,127995,N/A
2023 THOR FOUR WINDS 24LT,2150488,New,"Camping World of Oklahoma City East - Oklahoma City, OK",,5,25 ft 1 in,127795,N/A
2023 THOR SANCTUARY 19P,2156131,New,"Longmont, CO",,1,19 ft 8 in,135494,N/A
2023 FOREST RIVER FORESTER MBS 2401B,1862315,New,"Wauconda, IL",,4,25 ft 5 in,133999,N/A
2022 THOR TIBURON 24TT,2105853,New,"Vacaville, CA",,5,24 ft 9 in,133995,N/A
2022 FOREST RIVER FORESTER MBS 2401B,1969328,New,"Tyler, TX",,4,25 ft 5 in,134998,N/A
2023 THOR SANCTUARY 19L,2170444,New,"Manassas, VA",,2,19 ft 8 in,137395,N/A
2023 THOR SANCTUARY 19L,2170458,New,"Greenwood, IN",,2,19 ft 8 in,137395,N/A
2023 THOR SANCTUARY 19P,2159904,New,"Pasco, WA",,1,19 ft 8 in,138995,N/A
2023 THOR SANCTUARY 19P,2213579,New,"Syracuse, NY",,1,19 ft 8 in,140695,N/A
2023 THOR TRANQUILITY 19L,2159666,New,"Akron, OH",,2,19 ft 8 in,141195,N/A
2023 THOR TRANQUILITY 19P,2159669,New,"Katy, TX",,1,19 ft 8 in,141195,N/A
2023 THOR SANCTUARY 19P 4X2,2170452,New,"Greenwood, IN",,1,19 ft 8 in,124995,N/A
2023 THOR SANCTUARY 19P 4X2,2170454,New,"Greenwood, IN",,1,19 ft 8 in,124995,N/A
2023 THOR SANCTUARY 19P 4X2,2170455,New,"Idaho Falls, ID",,1,19 ft 8 in,124995,N/A
2023 THOR FOUR WINDS 24LT,2150483,New,"Apollo, PA",,5,25 ft 1 in,124795,N/A
2023 THOR FOUR WINDS 24LT,2150485,New,"Columbia, MO",,5,25 ft 1 in,124795,N/A
2023 THOR FOUR WINDS 24LT,2150487,New,"Council Bluffs, IA",,5,25 ft 1 in,124795,N/A
2023 THOR FOUR WINDS 24LT,2150501,New,"McGeorge RV - A Camping World Company - Ashland, VA",,5,25 ft 1 in,124795,N/A
2023 THOR FOUR WINDS 24LT,2150503,New,"Vacaville, CA",,5,25 ft 1 in,124795,N/A
2022 FOREST RIVER SUNSEEKER MBS 2400B,1862365,New,"Olive Branch, MS",,4,25 ft 5 in,127995,N/A
2023 THOR FOUR WINDS 24LT,2150488,New,"Camping World of Oklahoma City East - Oklahoma City, OK",,5,25 ft 1 in,127795,N/A
2023 THOR SANCTUARY 19P,2156131,New,"Longmont, CO",,1,19 ft 8 in,135494,N/A
2023 FOREST RIVER FORESTER MBS 2401B,1862315,New,"Wauconda, IL",,4,25 ft 5 in,133999,N/A
2022 THOR TIBURON 24TT,2105853,New,"Vacaville, CA",,5,24 ft 9 in,133995,N/A
2022 FOREST RIVER FORESTER MBS 2401B,1969328,New,"Tyler, TX",,4,25 ft 5 in,134998,N/A
2023 THOR SANCTUARY 19L,2170444,New,"Manassas, VA",,2,19 ft 8 in,137395,N/A
2023 THOR SANCTUARY 19L,2170458,New,"Greenwood, IN",,2,19 ft 8 in,137395,N/A
2023 THOR SANCTUARY 19P,2159904,New,"Pasco, WA",,1,19 ft 8 in,138995,N/A
2023 THOR SANCTUARY 19P,2213579,New,"Syracuse, NY",,1,19 ft 8 in,140695,N/A
2023 THOR TRANQUILITY 19L,2159666,New,"Akron, OH",,2,19 ft 8 in,141195,N/A
2023 THOR TRANQUILITY 19P,2159669,New,"Katy, TX",,1,19 ft 8 in,141195,N/A
2023 THOR SANCTUARY 19P 4X2,2170452,New,"Greenwood, IN",,1,19 ft 8 in,124995,N/A
2023 THOR SANCTUARY 19P 4X2,2170454,New,"Greenwood, IN",,1,19 ft 8 in,124995,N/A
2023 THOR SANCTUARY 19P 4X2,2170455,New,"Idaho Falls, ID",,1,19 ft 8 in,124995,N/A
2023 THOR FOUR WINDS 24LT,2150483,New,"Apollo, PA",,5,25 ft 1 in,124795,N/A
2023 THOR FOUR WINDS 24LT,2150485,New,"Columbia, MO",,5,25 ft 1 in,124795,N/A
2023 THOR FOUR WINDS 24LT,2150487,New,"Council Bluffs, IA",,5,25 ft 1 in,124795,N/A
2023 THOR FOUR WINDS 24LT,2150501,New,"McGeorge RV - A Camping World Company - Ashland, VA",,5,25 ft 1 in,124795,N/A
2023 THOR FOUR WINDS 24LT,2150503,New,"Vacaville, CA",,5,25 ft 1 in,124795,N/A
2022 FOREST RIVER SUNSEEKER MBS 2400B,1862365,New,"Olive Branch, MS",,4,25 ft 5 in,127995,N/A
2023 THOR FOUR WINDS 24LT,2150488,New,"Camping World of Oklahoma City East - Oklahoma City, OK",,5,25 ft 1 in,127795,N/A
2023 THOR SANCTUARY 19P,2156131,New,"Longmont, CO",,1,19 ft 8 in,135494,N/A
2023 FOREST RIVER FORESTER MBS 2401B,1862315,New,"Wauconda, IL",,4,25 ft 5 in,133999,N/A
2022 THOR TIBURON 24TT,2105853,New,"Vacaville, CA",,5,24 ft 9 in,133995,N/A
2022 FOREST RIVER FORESTER MBS 2401B,1969328,New,"Tyler, TX",,4,25 ft 5 in,134998,N/A
2023 THOR SANCTUARY 19L,2170444,New,"Manassas, VA",,2,19 ft 8 in,137395,N/A
2023 THOR SANCTUARY 19L,2170458,New,"Greenwood, IN",,2,19 ft 8 in,137395,N/A
2023 THOR SANCTUARY 19P,2159904,New,"Pasco, WA",,1,19 ft 8 in,138995,N/A
2023 THOR SANCTUARY 19P,2213579,New,"Syracuse, NY",,1,19 ft 8 in,140695,N/A
2023 THOR TRANQUILITY 19L,2159666,New,"Akron, OH",,2,19 ft 8 in,141195,N/A
2023 THOR TRANQUILITY 19P,2159669,New,"Katy, TX",,1,19 ft 8 in,141195,N/A
2023 THOR SANCTUARY 19P 4X2,2170452,New,"Greenwood, IN",,1,19 ft 8 in,124995,N/A
2023 THOR SANCTUARY 19P 4X2,2170454,New,"Greenwood, IN",,1,19 ft 8 in,124995,N/A
2023 THOR SANCTUARY 19P 4X2,2170455,New,"Idaho Falls, ID",,1,19 ft 8 in,124995,N/A
2023 THOR FOUR WINDS 24LT,2150483,New,"Apollo, PA",,5,25 ft 1 in,124795,N/A
2023 THOR FOUR WINDS 24LT,2150485,New,"Columbia, MO",,5,25 ft 1 in,124795,N/A
2023 THOR FOUR WINDS 24LT,2150487,New,"Council Bluffs, IA",,5,25 ft 1 in,124795,N/A
2023 THOR FOUR WINDS 24LT,2150501,New,"McGeorge RV - A Camping World Company - Ashland, VA",,5,25 ft 1 in,124795,N/A
2023 THOR FOUR WINDS 24LT,2150503,New,"Vacaville, CA",,5,25 ft 1 in,124795,N/A
2022 FOREST RIVER SUNSEEKER MBS 2400B,1862365,New,"Olive Branch, MS",,4,25 ft 5 in,127995,N/A
2023 THOR FOUR WINDS 24LT,2150488,New,"Camping World of Oklahoma City East - Oklahoma City, OK",,5,25 ft 1 in,127795,N/A
2023 THOR SANCTUARY 19P,2156131,New,"Longmont, CO",,1,19 ft 8 in,135494,N/A
2023 FOREST RIVER FORESTER MBS 2401B,1862315,New,"Wauconda, IL",,4,25 ft 5 in,133999,N/A
2022 THOR TIBURON 24TT,2105853,New,"Vacaville, CA",,5,24 ft 9 in,133995,N/A
2022 FOREST RIVER FORESTER MBS 2401B,1969328,New,"Tyler, TX",,4,25 ft 5 in,134998,N/A
2023 THOR SANCTUARY 19L,2170444,New,"Manassas, VA",,2,19 ft 8 in,137395,N/A
2023 THOR SANCTUARY 19L,2170458,New,"Greenwood, IN",,2,19 ft 8 in,137395,N/A
2023 THOR SANCTUARY 19P,2159904,New,"Pasco, WA",,1,19 ft 8 in,138995,N/A
2023 THOR SANCTUARY 19P,2213579,New,"Syracuse, NY",,1,19 ft 8 in,140695,N/A
2023 THOR TRANQUILITY 19L,2159666,New,"Akron, OH",,2,19 ft 8 in,141195,N/A
2023 THOR TRANQUILITY 19P,2159669,New,"Katy, TX",,1,19 ft 8 in,141195,N/A
2023 THOR SANCTUARY 19P 4X2,2170452,New,"Greenwood, IN",,1,19 ft 8 in,124995,N/A
2023 THOR SANCTUARY 19P 4X2,2170454,New,"Greenwood, IN",,1,19 ft 8 in,124995,N/A
2023 THOR SANCTUARY 19P 4X2,2170455,New,"Idaho Falls, ID",,1,19 ft 8 in,124995,N/A
2023 THOR FOUR WINDS 24LT,2150483,New,"Apollo, PA",,5,25 ft 1 in,124795,N/A
2023 THOR FOUR WINDS 24LT,2150485,New,"Columbia, MO",,5,25 ft 1 in,124795,N/A
2023 THOR FOUR WINDS 24LT,2150487,New,"Council Bluffs, IA",,5,25 ft 1 in,124795,N/A
2023 THOR FOUR WINDS 24LT,2150501,New,"McGeorge RV - A Camping World Company - Ashland, VA",,5,25 ft 1 in,124795,N/A
2023 THOR FOUR WINDS 24LT,2150503,New,"Vacaville, CA",,5,25 ft 1 in,124795,N/A
2022 FOREST RIVER SUNSEEKER MBS 2400B,1862365,New,"Olive Branch, MS",,4,25 ft 5 in,127995,N/A
2023 THOR FOUR WINDS 24LT,2150488,New,"Camping World of Oklahoma City East - Oklahoma City, OK",,5,25 ft 1 in,127795,N/A
2023 THOR SANCTUARY 19P,2156131,New,"Longmont, CO",,1,19 ft 8 in,135494,N/A
2023 FOREST RIVER FORESTER MBS 2401B,1862315,New,"Wauconda, IL",,4,25 ft 5 in,133999,N/A
2022 THOR TIBURON 24TT,2105853,New,"Vacaville, CA",,5,24 ft 9 in,133995,N/A
2022 FOREST RIVER FORESTER MBS 2401B,1969328,New,"Tyler, TX",,4,25 ft 5 in,134998,N/A
2023 THOR SANCTUARY 19L,2170444,New,"Manassas, VA",,2,19 ft 8 in,137395,N/A
2023 THOR SANCTUARY 19L,2170458,New,"Greenwood, IN",,2,19 ft 8 in,137395,N/A
2023 THOR SANCTUARY 19P,2159904,New,"Pasco, WA",,1,19 ft 8 in,138995,N/A
2023 THOR SANCTUARY 19P,2213579,New,"Syracuse, NY",,1,19 ft 8 in,140695,N/A
2023 THOR TRANQUILITY 19L,2159666,New,"Akron, OH",,2,19 ft 8 in,141195,N/A
2023 THOR TRANQUILITY 19P,2159669,New,"Katy, TX",,1,19 ft 8 in,141195,N/A
2023 THOR SANCTUARY 19P 4X2,2170452,New,"Greenwood, IN",,1,19 ft 8 in,124995,N/A
2023 THOR SANCTUARY 19P 4X2,2170454,New,"Greenwood, IN",,1,19 ft 8 in,124995,N/A
2023 THOR SANCTUARY 19P 4X2,2170455,New,"Idaho Falls, ID",,1,19 ft 8 in,124995,N/A
2023 THOR FOUR WINDS 24LT,2150483,New,"Apollo, PA",,5,25 ft 1 in,124795,N/A
2023 THOR FOUR WINDS 24LT,2150485,New,"Columbia, MO",,5,25 ft 1 in,124795,N/A
2023 THOR FOUR WINDS 24LT,2150487,New,"Council Bluffs, IA",,5,25 ft 1 in,124795,N/A
2023 THOR FOUR WINDS 24LT,2150501,New,"McGeorge RV - A Camping World Company - Ashland, VA",,5,25 ft 1 in,124795,N/A
2023 THOR FOUR WINDS 24LT,2150503,New,"Vacaville, CA",,5,25 ft 1 in,124795,N/A
2022 FOREST RIVER SUNSEEKER MBS 2400B,1862365,New,"Olive Branch, MS",,4,25 ft 5 in,127995,N/A
2023 THOR FOUR WINDS 24LT,2150488,New,"Camping World of Oklahoma City East - Oklahoma City, OK",,5,25 ft 1 in,127795,N/A
2023 THOR SANCTUARY 19P,2156131,New,"Longmont, CO",,1,19 ft 8 in,135494,N/A
2023 FOREST RIVER FORESTER MBS 2401B,1862315,New,"Wauconda, IL",,4,25 ft 5 in,133999,N/A
2022 THOR TIBURON 24TT,2105853,New,"Vacaville, CA",,5,24 ft 9 in,133995,N/A
2022 FOREST RIVER FORESTER MBS 2401B,1969328,New,"Tyler, TX",,4,25 ft 5 in,134998,N/A
2023 THOR SANCTUARY 19L,2170444,New,"Manassas, VA",,2,19 ft 8 in,137395,N/A
2023 THOR SANCTUARY 19L,2170458,New,"Greenwood, IN",,2,19 ft 8 in,137395,N/A
2023 THOR SANCTUARY 19P,2159904,New,"Pasco, WA",,1,19 ft 8 in,138995,N/A
2023 THOR SANCTUARY 19P,2213579,New,"Syracuse, NY",,1,19 ft 8 in,140695,N/A
2023 THOR TRANQUILITY 19L,2159666,New,"Akron, OH",,2,19 ft 8 in,141195,N/A
2023 THOR TRANQUILITY 19P,2159669,New,"Katy, TX",,1,19 ft 8 in,141195,N/A
